uid,dataend,datastart,energystarscore,heatingtype,industry,mainheatingtype,numberoffloors,occupants,primaryspaceusage,rating,sqft,sqm,subindustry,timezone,yearbuilt,nickname,primaryspaceuse_abbrev,newweatherfilename,Electric_Savings,Gas_Savings
PrimClass_Everett,31/12/12 23:00,01/01/12 00:00,,,Education,,,,Primary/Secondary Classroom,,105530.0,9804.05359,Primary/Secondary School,America/New_York,,Everett,PrimClass,weather12.csv,50.0,10.0
UnivClass_Clifford,31/12/15 23:00,01/01/15 00:00,,,Education,,,,College Classroom,,56969.0,5292.591007,College/University,America/New_York,1967,Clifford,UnivClass,weather2.csv,,
Office_Elizabeth,31/12/12 23:00,01/01/12 00:00,,,Commercial Property,,,,Office,,294651.0,27373.96185,Commercial Real Estate,America/Los_Angeles,,Elizabeth,Office,weather22.csv,,
Office_Ellie,31/12/12 23:00,01/01/12 00:00,,,Commercial Property,,,,Office,,496517.0,46127.91885,Bank/Financial Services,America/Los_Angeles,,Ellie,Office,weather28.csv,,
PrimClass_Elisabeth,31/12/12 23:00,01/01/12 00:00,,,Education,,,,Primary/Secondary Classroom,,233062.0,21652.15899,Primary/Secondary School,America/New_York,,Elisabeth,PrimClass,weather23.csv,,
Office_Cristina,31/12/15 23:00,01/01/15 00:00,,,Education,,,,Office,,92271.0,8572.252713,College/University,America/New_York,2001,Cristina,Office,weather2.csv,,
PrimClass_Jolie,30/11/15 23:00,01/12/14 00:00,,Gas,Education,Gas,2.0,212.0,Primary/Secondary Classroom,C,31505.9353,2927.0,Primary/Secondary School,Europe/London,pre 1919,Jolie,PrimClass,weather1.csv,,
PrimClass_Jaylin,30/11/15 23:00,01/12/14 00:00,,Gas,Education,Gas,2.0,219.0,Primary/Secondary Classroom,C,47070.5347,4373.0,Primary/Secondary School,Europe/London,1919-1945,Jaylin,PrimClass,weather1.csv,,
"Office_Jesus,30/11/15 23:00,01/12/14 00:00,,Gas,Government,Gas,1,40,Office,C,42646.5718,3962,""City, County, State"",Europe/London,Post 1976,Jesus,Office,weather1.csv,,",,,,,,,,,,,,,,,,,,,,
PrimClass_Esmeralda,31/12/12 23:00,01/01/12 00:00,,,Education,,,,Primary/Secondary Classroom,,276443.0,25682.38403,Primary/Secondary School,America/New_York,,Esmeralda,PrimClass,weather17.csv,,
PrimClass_Eoghan,31/12/12 23:00,01/01/12 00:00,,,Education,,,,Primary/Secondary Classroom,,315404.0,29301.97781,Primary/Secondary School,America/New_York,,Eoghan,PrimClass,weather14.csv,,
PrimClass_Edwin,31/12/12 23:00,01/01/12 00:00,,,Education,,,,Primary/Secondary Classroom,,77247.0,7176.478041,Primary/Secondary School,America/Denver,,Edwin,PrimClass,weather35.csv,,
PrimClass_Eli,31/12/12 23:00,01/01/12 00:00,,,Education,,,,Primary/Secondary Classroom,,108405.0,10071.14972,Primary/Secondary School,America/New_York,,Eli,PrimClass,weather12.csv,,
PrimClass_Ethel,31/12/12 23:00,01/01/12 00:00,,,Education,,,,Primary/Secondary Classroom,,92032.0,8550.048896,Primary/Secondary School,America/Denver,,Ethel,PrimClass,weather18.csv,,
PrimClass_Ernesto,31/12/12 23:00,01/01/12 00:00,,,Education,,,,Primary/Secondary Classroom,,72333.0,6719.952699,Primary/Secondary School,America/Denver,,Ernesto,PrimClass,weather18.csv,,
PrimClass_Emanuela,31/12/12 23:00,01/01/12 00:00,,,Education,,,,Primary/Secondary Classroom,,95132.0,8838.048196,Primary/Secondary School,America/Chicago,,Emanuela,PrimClass,weather26.csv,,
PrimClass_Emilio,31/12/12 23:00,01/01/12 00:00,,,Education,,,,Primary/Secondary Classroom,,105215.0,9774.789145,Primary/Secondary School,America/New_York,,Emilio,PrimClass,weather12.csv,,
PrimClass_Eleanor,31/12/12 23:00,01/01/12 00:00,,,Education,,,,Primary/Secondary Classroom,,81681.0,7588.409943,Primary/Secondary School,America/New_York,,Eleanor,PrimClass,weather24.csv,,
PrimClass_Ezekiel,31/12/12 23:00,01/01/12 00:00,,,Education,,,,Primary/Secondary Classroom,,153699.0,14279.0982,Primary/Secondary School,America/New_York,,Ezekiel,PrimClass,weather29.csv,,
PrimClass_Elliott,31/12/12 23:00,01/01/12 00:00,,,Education,,,,Primary/Secondary Classroom,,217241.0,20182.34062,Primary/Secondary School,America/New_York,,Elliott,PrimClass,weather15.csv,,
PrimClass_Ellen,31/12/12 23:00,01/01/12 00:00,,,Education,,,,Primary/Secondary Classroom,,79503.0,7386.067209,Primary/Secondary School,America/Chicago,,Ellen,PrimClass,weather19.csv,,
PrimClass_Evie,31/12/12 23:00,01/01/12 00:00,,,Education,,,,Primary/Secondary Classroom,,197266.0,18326.6032,Primary/Secondary School,America/Chicago,,Evie,PrimClass,weather11.csv,,
PrimClass_Elijah,31/12/12 23:00,01/01/12 00:00,,,Education,,,,Primary/Secondary Classroom,,94150.0,8746.81745,Primary/Secondary School,America/New_York,,Elijah,PrimClass,weather14.csv,,
PrimClass_Ezra,31/12/12 23:00,01/01/12 00:00,,,Education,,,,Primary/Secondary Classroom,,92179.0,8563.705637,Primary/Secondary School,America/New_York,,Ezra,PrimClass,weather17.csv,,
PrimClass_Edmund,31/12/12 23:00,01/01/12 00:00,,,Education,,,,Primary/Secondary Classroom,,86867.0,8070.204901,Primary/Secondary School,America/New_York,,Edmund,PrimClass,weather15.csv,,
PrimClass_Eva,31/12/12 23:00,01/01/12 00:00,,,Education,,,,Primary/Secondary Classroom,,132737.0,12331.66551,Primary/Secondary School,America/New_York,,Eva,PrimClass,weather15.csv,,
Office_Erik,31/12/12 23:00,01/01/12 00:00,,,Commercial Property,,,,Office,,126205.0,11724.82312,Business Services,America/New_York,,Erik,Office,weather14.csv,,
PrimClass_Ebony,31/12/12 23:00,01/01/12 00:00,,,Education,,,,Primary/Secondary Classroom,,175537.0,16307.91391,Primary/Secondary School,America/Chicago,,Ebony,PrimClass,weather11.csv,,
PrimClass_Ethan,31/12/12 23:00,01/01/12 00:00,,,Education,,,,Primary/Secondary Classroom,,80224.0,7453.050272,Primary/Secondary School,America/New_York,,Ethan,PrimClass,weather38.csv,,
PrimClass_Elmer,31/12/12 23:00,01/01/12 00:00,,,Education,,,,Primary/Secondary Classroom,,97901.0,9095.296603,Primary/Secondary School,America/Chicago,,Elmer,PrimClass,weather11.csv,,
PrimClass_Ervin,31/12/12 23:00,01/01/12 00:00,,,Education,,,,Primary/Secondary Classroom,,117074.0,10876.52582,Primary/Secondary School,America/New_York,,Ervin,PrimClass,weather16.csv,,
PrimClass_Uma,31/01/13 23:00,02/02/12 00:00,,,Education,,,,Primary/Secondary Classroom,,107639.0,10000.0,Primary/Secondary School,Asia/Singapore,,Uma,PrimClass,weather10.csv,,
UnivClass_Tamra,31/12/13 23:00,01/01/13 00:00,,,Education,,,,College Classroom,,5389.48473,500.7,College/University,Europe/Zurich,,Tamra,UnivClass,weather8.csv,,
PrimClass_Ernest,31/12/12 23:00,01/01/12 00:00,,,Education,,,,Primary/Secondary Classroom,,129663.0,12046.08169,Primary/Secondary School,America/Chicago,,Ernest,PrimClass,weather21.csv,,
PrimClass_Emily,31/12/12 23:00,01/01/12 00:00,,,Education,,,,Primary/Secondary Classroom,,274418.0,25494.25545,Primary/Secondary School,America/Chicago,,Emily,PrimClass,weather32.csv,,
Office_Evelyn,31/12/12 23:00,01/01/12 00:00,,,Commercial Property,,,,Office,,1675720.0,155679.4152,Business Services,America/Los_Angeles,,Evelyn,Office,weather20.csv,,
PrimClass_Jayla,30/11/15 23:00,01/12/14 00:00,,Gas,Education,Gas,1.0,269.0,Primary/Secondary Classroom,D,22948.6348,2132.0,Primary/Secondary School,Europe/London,1967-1976,Jayla,PrimClass,weather1.csv,,
Office_Emer,31/12/12 23:00,01/01/12 00:00,,,Commercial Property,,,,Office,,191554.0,17795.94126,Corporate Office,America/New_York,,Emer,Office,weather36.csv,,
PrimClass_Janiya,30/11/15 23:00,01/12/14 00:00,,Gas,Education,Gas,2.0,293.0,Primary/Secondary Classroom,C,31613.5743,2937.0,Primary/Secondary School,Europe/London,1967-1976,Janiya,PrimClass,weather1.csv,,
PrimClass_Umar,31/01/13 23:00,02/02/12 00:00,,,Education,,,,Primary/Secondary Classroom,,129166.8,12000.0,Primary/Secondary School,Asia/Singapore,,Umar,PrimClass,weather10.csv,,
Office_Elena,31/12/12 23:00,01/01/12 00:00,,,Commercial Property,,,,Office,,169420.0,15739.62626,Corporate Office,America/New_York,,Elena,Office,weather37.csv,,
PrimClass_Janice,30/11/15 23:00,01/12/14 00:00,,Gas,Education,Gas,1.0,,Primary/Secondary Classroom,,23163.9128,2152.0,Primary/Secondary School,Europe/London,1967-1976,Janice,PrimClass,weather1.csv,,
"Office_Jett,30/11/15 23:00,01/12/14 00:00,,Gas,Government,Gas,2,,Office,,7879.1748,732,""City, County, State"",Europe/London,pre 1919,Jett,Office,weather1.csv,,",,,,,,,,,,,,,,,,,,,,
UnivDorm_Una,31/01/13 23:00,02/02/12 00:00,,,Education,,,,Dormitory,,129166.8,12000.0,Primary/Secondary School,Asia/Singapore,,Una,UnivDorm,weather10.csv,,
UnivLab_Paul,31/12/15 23:00,01/01/15 00:00,,,Education,,,,College Laboratory,,477724.0,44381.99277,College/University,America/New_York,,Paul,UnivLab,weather4.csv,,
"Office_Jerry,30/11/15 23:00,01/12/14 00:00,,Oil,Government,Oil,2,0,Office,C,16597.9338,1542,""City, County, State"",Europe/London,Post 1976,Jerry,Office,weather1.csv,,",,,,,,,,,,,,,,,,,,,,
Office_Eileen,31/12/12 23:00,01/01/12 00:00,,,Commercial Property,,,,Office,,318130.0,29555.23139,Bank/Financial Services,America/Los_Angeles,,Eileen,Office,weather27.csv,,
PrimClass_Uriah,31/01/13 23:00,02/02/12 00:00,,,Education,,,,Primary/Secondary Classroom,,129166.8,12000.0,Primary/Secondary School,Asia/Singapore,,Uriah,PrimClass,weather10.csv,,
PrimClass_Ulysses,31/01/13 23:00,02/02/12 00:00,,,Education,,,,Primary/Secondary Classroom,,129166.8,12000.0,Primary/Secondary School,Asia/Singapore,,Ulysses,PrimClass,weather10.csv,,
Office_Lesa,30/11/15 23:00,01/12/14 00:00,,Gas,Education,Gas,6.0,,Office,,47727.1326,4434.0,College/University,Europe/London,1928,Lesa,Office,weather5.csv,,
UnivDorm_Claudia,31/12/15 23:00,01/01/15 00:00,,,Education,,,,Dormitory,,96336.0,8949.903408,College/University,America/New_York,1913,Claudia,UnivDorm,weather2.csv,,
Office_Emerald,31/12/12 23:00,01/01/12 00:00,,,Commercial Property,,,,Office,,476246.0,44244.68214,Commercial Real Estate,America/New_York,,Emerald,Office,weather16.csv,,
Office_Ellis,31/12/12 23:00,01/01/12 00:00,,,Commercial Property,,,,Office,,428277.0,39788.21813,Commercial Real Estate,America/New_York,,Ellis,Office,weather25.csv,,
UnivClass_Tammy,31/12/13 23:00,01/01/13 00:00,,,Education,,,,College Classroom,,350333.7297,32547.1,College/University,Europe/Zurich,,Tammy,UnivClass,weather8.csv,,
PrimClass_Jaden,30/11/15 23:00,01/12/14 00:00,,Gas,Education,Gas,2.0,414.0,Primary/Secondary Classroom,D,27684.7508,2572.0,Primary/Secondary School,Europe/London,pre 1919,Jaden,PrimClass,weather1.csv,,
Office_Elliot,31/12/12 23:00,01/01/12 00:00,,,Commercial Property,,,,Office,,185847.0,17265.74384,Commercial Real Estate,America/New_York,,Elliot,Office,weather31.csv,,
PrimClass_Jermaine,30/11/15 23:00,01/12/14 00:00,,Gas,Education,Gas,2.0,230.0,Primary/Secondary Classroom,C,23185.4406,2154.0,Primary/Secondary School,Europe/London,1945-1966,Jermaine,PrimClass,weather1.csv,,
PrimClass_Josephine,30/11/15 23:00,01/12/14 00:00,,Gas,Education,Gas,2.0,64.0,Primary/Secondary Classroom,B,42883.3776,3984.0,Primary/Secondary School,Europe/London,1967-1976,Josephine,PrimClass,weather1.csv,,
Office_Eddie,31/12/12 23:00,01/01/12 00:00,,,Commercial Property,,,,Office,,179665.0,16691.4175,Business Services,America/New_York,,Eddie,Office,weather30.csv,,
"Office_Jackie,30/11/15 23:00,01/12/14 00:00,,Gas,Government,Gas,2,,Office,,12206.2626,1134,""City, County, State"",Europe/London,post 1976,Jackie,Office,weather1.csv,,",,,,,,,,,,,,,,,,,,,,
UnivDorm_Carla,31/12/15 23:00,01/01/15 00:00,,,Education,,,,Dormitory,,40629.0,3774.555987,College/University,America/New_York,1975,Carla,UnivDorm,weather2.csv,,
UnivClass_Camden,31/12/15 23:00,01/01/15 00:00,,,Education,,,,College Classroom,,31415.0,2918.547745,College/University,America/New_York,1912,Camden,UnivClass,weather2.csv,,
PrimClass_Javier,30/11/15 23:00,01/12/14 00:00,,Gas,Education,Gas,1.0,396.0,Primary/Secondary Classroom,C,20203.8403,1877.0,Primary/Secondary School,Europe/London,post 1976,Javier,PrimClass,weather1.csv,,
PrimClass_Jeanette,30/11/15 23:00,01/12/14 00:00,,Gas,Government,Gas,2.0,,Primary/Secondary Classroom,C,23486.8298,2182.0,Primary/Secondary School,Europe/London,1945-1966,Jeanette,PrimClass,weather1.csv,,
PrimClass_Julius,30/11/15 23:00,01/12/14 00:00,,Gas,Government,Gas,4.0,1173.0,Primary/Secondary Classroom,D,95432.7374,8866.0,Primary/Secondary School,Europe/London,1945-1966,Julius,PrimClass,weather1.csv,,
PrimClass_Jaylinn,30/11/15 23:00,01/12/14 00:00,,Gas,Education,Gas,3.0,517.0,Primary/Secondary Classroom,C,31635.1021,2939.0,Primary/Secondary School,Europe/London,1945-1966,Jaylinn,PrimClass,weather1.csv,,
PrimClass_Johanna,30/11/15 23:00,01/12/14 00:00,,Gas,Education,Gas,1.0,515.0,Primary/Secondary Classroom,C,28190.6541,2619.0,Primary/Secondary School,Europe/London,pre 1919,Johanna,PrimClass,weather1.csv,,
PrimClass_Jodie,30/11/15 23:00,01/12/14 00:00,,Gas,Education,Gas,2.0,348.0,Primary/Secondary Classroom,C,27663.223,2570.0,Primary/Secondary School,Europe/London,1945-1966,Jodie,PrimClass,weather1.csv,,
PrimClass_Johnathan,30/11/15 23:00,01/12/14 00:00,,Gas,Education,Gas,2.0,304.0,Primary/Secondary Classroom,D,30300.3785,2815.0,Primary/Secondary School,Europe/London,1945-1966,Johnathan,PrimClass,weather1.csv,,
PrimClass_Janis,30/11/15 23:00,01/12/14 00:00,,Gas,Education,Gas,1.0,101.0,Primary/Secondary Classroom,,7922.2304,736.0,Primary/Secondary School,Europe/London,1945-1966,Janis,PrimClass,weather1.csv,,
PrimClass_Jamal,30/11/15 23:00,01/12/14 00:00,,Gas,Government,Gas,2.0,441.0,Primary/Secondary Classroom,C,25133.7065,2335.0,Primary/Secondary School,Europe/London,1945-1966,Jamal,PrimClass,weather1.csv,,
PrimClass_Jose,30/11/15 23:00,01/12/14 00:00,,Gas,Education,Gas,4.0,29.0,Primary/Secondary Classroom,E,12087.8597,1123.0,Primary/Secondary School,Europe/London,pre 1919,Jose,PrimClass,weather1.csv,,
PrimClass_Julianna,30/11/15 23:00,01/12/14 00:00,,Gas,Education,Gas,1.0,317.0,Primary/Secondary Classroom,D,34562.8829,3211.0,Primary/Secondary School,Europe/London,1945-1966,Julianna,PrimClass,weather1.csv,,
PrimClass_Jasmine,30/11/15 23:00,01/12/14 00:00,,Gas,Education,Gas,2.0,315.0,Primary/Secondary Classroom,E,27501.7645,2555.0,Primary/Secondary School,Europe/London,post 1976,Jasmine,PrimClass,weather1.csv,,
PrimClass_Jazmine,30/11/15 23:00,01/12/14 00:00,,Gas,Education,Gas,2.0,387.0,Primary/Secondary Classroom,D,22184.3979,2061.0,Primary/Secondary School,Europe/London,pre 1919,Jazmine,PrimClass,weather1.csv,,
PrimClass_Justin,30/11/15 23:00,01/12/14 00:00,,Gas,Government,Gas,1.0,171.0,Primary/Secondary Classroom,F,14025.3617,1303.0,Primary/Secondary School,Europe/London,1945-1966,Justin,PrimClass,weather1.csv,,
Office_Marla,30/04/15 23:00,01/05/14 00:00,,,Education,,,,Office,,33401.0,3103.053103,College/University,America/Chicago,,Marla,Office,weather3.csv,,
PrimClass_Jody,30/11/15 23:00,01/12/14 00:00,,Gas,Education,Gas,3.0,241.0,Primary/Secondary Classroom,D,26027.1102,2418.0,Primary/Secondary School,Europe/London,pre 1919,Jody,PrimClass,weather1.csv,,
PrimClass_Julianne,30/11/15 23:00,01/12/14 00:00,,Gas,Education,Gas,2.0,427.0,Primary/Secondary Classroom,C,25865.6517,2403.0,Primary/Secondary School,Europe/London,pre 1919,Julianne,PrimClass,weather1.csv,,
PrimClass_Justice,30/11/15 23:00,01/12/14 00:00,,Gas,Education,Gas,4.0,1164.0,Primary/Secondary Classroom,E,126045.269,11710.0,Primary/Secondary School,Europe/London,1945-1966,Justice,PrimClass,weather1.csv,,
UnivClass_Craig,31/12/15 23:00,01/01/15 00:00,,,Education,,,,College Classroom,,23232.0,2158.322496,College/University,America/New_York,1871,Craig,UnivClass,weather2.csv,,
PrimClass_Jean,30/11/15 23:00,01/12/14 00:00,,Gas,Education,Gas,2.0,284.0,Primary/Secondary Classroom,C,28825.7242,2678.0,Primary/Secondary School,Europe/London,post 1976,Jean,PrimClass,weather1.csv,,
PrimClass_Jenna,30/11/15 23:00,01/12/14 00:00,,Gas,Government,Gas,2.0,235.0,Primary/Secondary Classroom,C,11603.4842,1078.0,Primary/Secondary School,Europe/London,1919-1945,Jenna,PrimClass,weather1.csv,,
PrimClass_Judith,30/11/15 23:00,01/12/14 00:00,,Gas,Education,Gas,1.0,40.0,Primary/Secondary Classroom,E,12970.4995,1205.0,Primary/Secondary School,Europe/London,1967-1976,Judith,PrimClass,weather1.csv,,
PrimClass_Jessie,30/11/15 23:00,01/12/14 00:00,,Gas,Education,Gas,3.0,353.0,Primary/Secondary Classroom,C,33981.6323,3157.0,Primary/Secondary School,Europe/London,1967-1976,Jessie,PrimClass,weather1.csv,,
PrimClass_Joselyn,30/11/15 23:00,01/12/14 00:00,,Gas,Education,Gas,2.0,383.0,Primary/Secondary Classroom,D,31871.9079,2961.0,Primary/Secondary School,Europe/London,pre 1919,Joselyn,PrimClass,weather1.csv,,
UnivLab_Bethany,31/12/12 23:00,01/01/12 00:00,,,Education,,,,College Laboratory,,203787.0,18932.42366,College/University,America/Los_Angeles,1999,Bethany,UnivLab,weather7.csv,,
PrimClass_Judy,30/11/15 23:00,01/12/14 00:00,,Gas,Education,Gas,1.0,235.0,Primary/Secondary Classroom,D,11463.5535,1065.0,Primary/Secondary School,Europe/London,post 1976,Judy,PrimClass,weather1.csv,,
PrimClass_Jarrett,30/11/15 23:00,01/12/14 00:00,,Gas,Education,Gas,2.0,359.0,Primary/Secondary Classroom,D,29148.6412,2708.0,Primary/Secondary School,Europe/London,pre 1919,Jarrett,PrimClass,weather1.csv,,
PrimClass_Jeannine,30/11/15 23:00,01/12/14 00:00,,Gas,Government,Gas,2.0,1104.0,Primary/Secondary Classroom,C,137045.9748,12732.0,Primary/Secondary School,Europe/London,1945-1966,Jeannine,PrimClass,weather1.csv,,
PrimClass_Jeff,30/11/15 23:00,01/12/14 00:00,,Gas,Education,Gas,1.0,201.0,Primary/Secondary Classroom,D,11689.5954,1086.0,Primary/Secondary School,Europe/London,1967-1976,Jeff,PrimClass,weather1.csv,,
PrimClass_Julian,30/11/15 23:00,01/12/14 00:00,,Gas,Education,Gas,2.0,300.0,Primary/Secondary Classroom,E,18696.8943,1737.0,Primary/Secondary School,Europe/London,pre 1919,Julian,PrimClass,weather1.csv,,
PrimClass_Jeanine,30/11/15 23:00,01/12/14 00:00,,Gas,Education,Gas,2.0,583.0,Primary/Secondary Classroom,D,32194.8249,2991.0,Primary/Secondary School,Europe/London,pre 1919,Jeanine,PrimClass,weather1.csv,,
UnivClass_Jadon,30/11/15 23:00,01/12/14 00:00,,Gas,Education,Gas,3.0,,College Classroom,D,109070.5987,10133.0,College/University,Europe/London,1945-1966,Jadon,UnivClass,weather1.csv,,
Office_Maryann,30/04/15 23:00,01/05/14 00:00,100.0,,Education,,,,Office,,20864.0,1938.328192,College/University,America/Chicago,,Maryann,Office,weather3.csv,,
UnivClass_Boyd,31/12/12 23:00,01/01/12 00:00,,,Education,,,,College Classroom,,57600.0,5351.2128,College/University,America/Los_Angeles,1948,Boyd,UnivClass,weather7.csv,,
PrimClass_Jerome,30/11/15 23:00,01/12/14 00:00,,Gas,Education,Gas,2.0,1071.0,Primary/Secondary Classroom,D,88855.9945,8255.0,Primary/Secondary School,Europe/London,post 1976,Jerome,PrimClass,weather1.csv,,
PrimClass_Jacqueline,30/11/15 23:00,01/12/14 00:00,,Gas,Education,Gas,3.0,489.0,Primary/Secondary Classroom,C,29891.3503,2777.0,Primary/Secondary School,Europe/London,1945-1966,Jacqueline,PrimClass,weather1.csv,,
PrimClass_Jill,30/11/15 23:00,01/12/14 00:00,,Gas,Education,Gas,1.0,313.0,Primary/Secondary Classroom,C,24089.6082,2238.0,Primary/Secondary School,Europe/London,post 1976,Jill,PrimClass,weather1.csv,,
PrimClass_Jim,30/11/15 23:00,01/12/14 00:00,,Gas,Education,Gas,1.0,197.0,Primary/Secondary Classroom,D,10914.5946,1014.0,Primary/Secondary School,Europe/London,1967-1976,Jim,PrimClass,weather1.csv,,
Office_Myron,30/04/15 23:00,01/05/14 00:00,87.0,,Education,,,,Office,,92994.0,8639.421582,College/University,America/Chicago,,Myron,Office,weather3.csv,,
PrimClass_Janet,30/11/15 23:00,01/12/14 00:00,,Gas,Education,Gas,3.0,956.0,Primary/Secondary Classroom,C,93764.3329,8711.0,Primary/Secondary School,Europe/London,1919-1945,Janet,PrimClass,weather1.csv,,
PrimClass_Janie,30/11/15 23:00,01/12/14 00:00,,Gas,Education,Gas,2.0,333.0,Primary/Secondary Classroom,D,18201.7549,1691.0,Primary/Secondary School,Europe/London,pre 1919,Janie,PrimClass,weather1.csv,,
PrimClass_Jensen,30/11/15 23:00,01/12/14 00:00,,Gas,Education,Gas,1.0,456.0,Primary/Secondary Classroom,D,35768.4397,3323.0,Primary/Secondary School,Europe/London,1945-1966,Jensen,PrimClass,weather1.csv,,
PrimClass_Jeffrey,30/11/15 23:00,01/12/14 00:00,,Gas,Education,Gas,1.0,193.0,Primary/Secondary Classroom,,13788.5559,1281.0,Primary/Secondary School,Europe/London,pre 1919,Jeffrey,PrimClass,weather1.csv,,
Office_Conrad,31/12/15 23:00,01/01/15 00:00,,,Education,,,,Office,,21618.0,2008.377054,College/University,America/New_York,1887,Conrad,Office,weather2.csv,,
UnivDorm_Prince,31/12/15 23:00,01/01/15 00:00,,,Education,,,,Dormitory,,87661.0,8143.969883,College/University,America/New_York,,Prince,UnivDorm,weather4.csv,,
PrimClass_Jennifer,30/11/15 23:00,01/12/14 00:00,,Gas,Education,Gas,1.0,402.0,Primary/Secondary Classroom,D,23293.0796,2164.0,Primary/Secondary School,Europe/London,post 1976,Jennifer,PrimClass,weather1.csv,,
UnivClass_Therese,31/12/13 23:00,01/01/13 00:00,,,Education,,,,College Classroom,,5119.31084,475.6,College/University,Europe/Zurich,,Therese,UnivClass,weather8.csv,,
PrimClass_Jesse,30/11/15 23:00,01/12/14 00:00,,Gas,Education,Gas,2.0,287.0,Primary/Secondary Classroom,D,15801.4052,1468.0,Primary/Secondary School,Europe/London,1967-1976,Jesse,PrimClass,weather1.csv,,
Office_Mick,30/04/15 23:00,01/05/14 00:00,88.0,,Education,,,,Office,,84365.0,7837.761595,College/University,America/Chicago,,Mick,Office,weather3.csv,,
PrimClass_Jaxson,30/11/15 23:00,01/12/14 00:00,,Gas,Education,Gas,4.0,1500.0,Primary/Secondary Classroom,C,128682.4245,11955.0,Primary/Secondary School,Europe/London,1945-1966,Jaxson,PrimClass,weather1.csv,,
PrimClass_Jimmie,30/11/15 23:00,01/12/14 00:00,,Gas,Education,Gas,3.0,362.0,Primary/Secondary Classroom,D,37264.6218,3462.0,Primary/Secondary School,Europe/London,pre 1919,Jimmie,PrimClass,weather1.csv,,
"Office_Jayden,30/11/15 23:00,01/12/14 00:00,,Gas,Government,Gas,1,12,Office,G,11872.5817,1103,""City, County, State"",Europe/London,1945-1966,Jayden,Office,weather1.csv,,",,,,,,,,,,,,,,,,,,,,
UnivDorm_Chelsey,31/12/15 23:00,01/01/15 00:00,,,Education,,,,Dormitory,,40492.0,3761.828276,College/University,America/New_York,1975,Chelsey,UnivDorm,weather2.csv,,
PrimClass_Jayda,30/11/15 23:00,01/12/14 00:00,,Gas,Education,Gas,1.0,464.0,Primary/Secondary Classroom,D,23842.0385,2215.0,Primary/Secondary School,Europe/London,1919-1945,Jayda,PrimClass,weather1.csv,,
UnivDorm_Christopher,31/12/15 23:00,01/01/15 00:00,,,Education,,,,Dormitory,,41302.0,3837.079706,College/University,America/New_York,1975,Christopher,UnivDorm,weather2.csv,,
PrimClass_Jocelyn,30/11/15 23:00,01/12/14 00:00,,Gas,Education,Gas,2.0,197.0,Primary/Secondary Classroom,E,14972.5849,1391.0,Primary/Secondary School,Europe/London,1967-1976,Jocelyn,PrimClass,weather1.csv,,
PrimClass_Jeffery,30/11/15 23:00,01/12/14 00:00,,Gas,Education,Gas,2.0,875.0,Primary/Secondary Classroom,D,120566.4439,11201.0,Primary/Secondary School,Europe/London,1919-1945,Jeffery,PrimClass,weather1.csv,,
UnivDorm_Cheyenne,31/12/15 23:00,01/01/15 00:00,,,Education,,,,Dormitory,,61439.0,5707.867417,College/University,America/New_York,1903,Cheyenne,UnivDorm,weather2.csv,,
UnivDorm_Patti,31/12/15 23:00,01/01/15 00:00,,,Education,,,,Dormitory,,48519.0,4507.560657,College/University,America/New_York,,Patti,UnivDorm,weather4.csv,,
PrimClass_Jayson,30/11/15 23:00,01/12/14 00:00,,Gas,Education,Gas,3.0,1695.0,Primary/Secondary Classroom,C,139112.6436,12924.0,Primary/Secondary School,Europe/London,1967-1976,Jayson,PrimClass,weather1.csv,,
UnivLab_Crystal,31/12/15 23:00,01/01/15 00:00,,,Education,,,,College Laboratory,,124521.0,11568.37446,College/University,America/New_York,1967,Crystal,UnivLab,weather2.csv,,
UnivDorm_Jeannette,30/11/15 23:00,01/12/14 00:00,,Gas,Government,Gas,3.0,34.0,Dormitory,D,7588.5495,705.0,Social Services,Europe/London,Post 1976,Jeannette,UnivDorm,weather1.csv,,
Office_Moises,30/04/15 23:00,01/05/14 00:00,83.0,,Education,,,,Office,,37096.0,3446.329688,College/University,America/Chicago,,Moises,Office,weather3.csv,,
PrimClass_Jennie,30/11/15 23:00,01/12/14 00:00,,Gas,Education,Gas,3.0,524.0,Primary/Secondary Classroom,D,28976.4188,2692.0,Primary/Secondary School,Europe/London,pre 1919,Jennie,PrimClass,weather1.csv,,
PrimClass_Jonathon,30/11/15 23:00,01/12/14 00:00,,Gas,Education,Gas,3.0,1140.0,Primary/Secondary Classroom,D,121470.6115,11285.0,Primary/Secondary School,Europe/London,1945-1966,Jonathon,PrimClass,weather1.csv,,
UnivDorm_Christi,31/12/15 23:00,01/01/15 00:00,,,Education,,,,Dormitory,,41236.0,3830.948108,College/University,America/New_York,1975,Christi,UnivDorm,weather2.csv,,
PrimClass_Jaqueline,30/11/15 23:00,01/12/14 00:00,,Gas,Education,Gas,1.0,392.0,Primary/Secondary Classroom,D,23605.2327,2193.0,Primary/Secondary School,Europe/London,1967-1976,Jaqueline,PrimClass,weather1.csv,,
UnivClass_Amari,31/12/15 23:00,01/01/15 00:00,,,Education,,,,College Classroom,,179167.0,16645.1518,College/University,America/Phoenix,1971,Amari,UnivClass,weather0.csv,,
Office_Tod,31/12/13 23:00,01/01/13 00:00,,,Education,,,,Office,,18103.80341,1681.9,College/University,Europe/Zurich,,Tod,Office,weather8.csv,,
PrimClass_Jeremy,30/11/15 23:00,01/12/14 00:00,,Gas,Education,Gas,2.0,403.0,Primary/Secondary Classroom,C,23153.1489,2151.0,Primary/Secondary School,Europe/London,1967-1976,Jeremy,PrimClass,weather1.csv,,
PrimClass_Josue,30/11/15 23:00,01/12/14 00:00,,Gas,Education,Gas,1.0,389.0,Primary/Secondary Classroom,D,17050.0176,1584.0,Primary/Secondary School,Europe/London,1945-1966,Josue,PrimClass,weather1.csv,,
UnivDorm_Marlene,30/04/15 23:00,01/05/14 00:00,46.0,,Education,,,,Dormitory,,230747.0,21437.08854,College/University,America/Chicago,,Marlene,UnivDorm,weather3.csv,,
UnivClass_Teri,31/12/13 23:00,01/01/13 00:00,,,Education,,,,College Classroom,,137744.5519,12796.9,College/University,Europe/Zurich,,Teri,UnivClass,weather8.csv,,
PrimClass_Julio,30/11/15 23:00,01/12/14 00:00,,Gas,Education,Gas,3.0,856.0,Primary/Secondary Classroom,G,94657.7366,8794.0,Primary/Secondary School,Europe/London,1967-1976,Julio,PrimClass,weather1.csv,,
UnivDorm_Cheri,31/12/15 23:00,01/01/15 00:00,,,Education,,,,Dormitory,,168791.0,15681.19027,College/University,America/New_York,1946,Cheri,UnivDorm,weather2.csv,,
UnivDorm_Lorraine,30/11/15 23:00,01/12/14 00:00,,Gas,Education,Gas,16.0,,Dormitory,F,62893.4677,5843.0,College/University,Europe/London,1960,Lorraine,UnivDorm,weather5.csv,,
PrimClass_Jacquelyn,30/11/15 23:00,01/12/14 00:00,,Gas,Education,Gas,2.0,219.0,Primary/Secondary Classroom,E,17189.9483,1597.0,Primary/Secondary School,Europe/London,pre 1919,Jacquelyn,PrimClass,weather1.csv,,
PrimClass_Juanita,30/11/15 23:00,01/12/14 00:00,,Gas,Education,Gas,4.0,,Primary/Secondary Classroom,G,30612.5316,2844.0,Primary/Secondary School,Europe/London,Post 1976,Juanita,PrimClass,weather1.csv,,
PrimClass_Joel,30/11/15 23:00,01/12/14 00:00,,Gas,Education,Gas,1.0,149.0,Primary/Secondary Classroom,D,13939.2505,1295.0,Primary/Secondary School,Europe/London,1967-1976,Joel,PrimClass,weather1.csv,,
Office_Marcus,30/04/15 23:00,01/05/14 00:00,,,Education,,,,Office,,72709.0,6754.884227,College/University,America/Chicago,,Marcus,Office,weather3.csv,,
UnivClass_Candy,31/12/15 23:00,01/01/15 00:00,,,Education,,,,College Classroom,,124289.0,11546.82097,College/University,America/New_York,1904,Candy,UnivClass,weather2.csv,,
PrimClass_Joey,30/11/15 23:00,01/12/14 00:00,,Biomass,Education,Biomass,2.0,1400.0,Primary/Secondary Classroom,,155807.4525,14475.0,Primary/Secondary School,Europe/London,2013,Joey,PrimClass,weather1.csv,,
UnivDorm_Celeste,31/12/15 23:00,01/01/15 00:00,,,Education,,,,Dormitory,,166814.0,15497.52104,College/University,America/New_York,1929,Celeste,UnivDorm,weather2.csv,,
UnivClass_Shawna,30/11/15 23:00,01/12/14 00:00,,,Education,,,,College Classroom,C,15715.294,1460.0,College/University,Europe/London,1948,Shawna,UnivClass,weather6.csv,,
PrimClass_Joanna,30/11/15 23:00,01/12/14 00:00,,Gas,Education,Gas,4.0,1598.0,Primary/Secondary Classroom,E,102429.2724,9516.0,Primary/Secondary School,Europe/London,1919-1945,Joanna,PrimClass,weather1.csv,,
UnivClass_Ariana,31/12/15 23:00,01/01/15 00:00,,,Education,,,,College Classroom,,44203.0,4106.591309,College/University,America/Phoenix,1950,Ariana,UnivClass,weather0.csv,,
PrimClass_Jediah,30/11/15 23:00,01/12/14 00:00,,Gas,Education,Gas,2.0,909.0,Primary/Secondary Classroom,D,68695.2098,6382.0,Primary/Secondary School,Europe/London,1945-1966,Jediah,PrimClass,weather1.csv,,
Office_Bobbi,31/12/12 23:00,01/01/12 00:00,,,Education,,,,Office,,137297.0,12755.30319,College/University,America/Los_Angeles,1917,Bobbi,Office,weather7.csv,,
Office_Georgia,30/11/15 23:00,01/12/14 00:00,,District Heating,Government,,7.0,188.0,Office,C,33960.1045,3155.0,Other Government Buildings,Europe/London,1900,Georgia,Office,weather5.csv,,
PrimClass_Janelle,30/11/15 23:00,01/12/14 00:00,,Gas,Education,Gas,1.0,230.0,Primary/Secondary Classroom,E,12927.4439,1201.0,Primary/Secondary School,Europe/London,1967-1976,Janelle,PrimClass,weather1.csv,,
Office_Skyler,30/11/15 23:00,01/12/14 00:00,,,Education,,,,Office,C,16985.4342,1578.0,College/University,Europe/London,1978,Skyler,Office,weather6.csv,,
Office_Marc,30/04/15 23:00,01/05/14 00:00,,,Education,,,,Office,,47578.0,4420.138934,College/University,America/Chicago,,Marc,Office,weather3.csv,,
Office_Mary,30/04/15 23:00,01/05/14 00:00,85.0,,Education,,,,Office,,56569.0,5255.429807,College/University,America/Chicago,,Mary,Office,weather3.csv,,
UnivDorm_Payton,31/12/15 23:00,01/01/15 00:00,,,Education,,,,Dormitory,,93313.0,8669.057639,College/University,America/New_York,,Payton,UnivDorm,weather4.csv,,
Office_Ayesha,31/12/15 23:00,01/01/15 00:00,,,Education,,,,Office,,131797.0,12244.33669,College/University,America/Phoenix,1968,Ayesha,Office,weather0.csv,,
PrimClass_Jane,30/11/15 23:00,01/12/14 00:00,,Gas,Education,Gas,3.0,1395.0,Primary/Secondary Classroom,C,121061.5833,11247.0,Primary/Secondary School,Europe/London,1967-1976,Jane,PrimClass,weather1.csv,,
PrimClass_Jon,30/11/15 23:00,01/12/14 00:00,,Gas,Education,Gas,2.0,124.0,Primary/Secondary Classroom,E,17103.8371,1589.0,Primary/Secondary School,Europe/London,1945-1966,Jon,PrimClass,weather1.csv,,
UnivDorm_Patty,31/12/15 23:00,01/01/15 00:00,,,Education,,,,Dormitory,,93500.0,8686.4305,College/University,America/New_York,,Patty,UnivDorm,weather4.csv,,
UnivDorm_Adan,31/12/15 23:00,01/01/15 00:00,,,Education,,,,Dormitory,,216526.0,20115.91498,College/University,America/Phoenix,1967,Adan,UnivDorm,weather0.csv,,
Office_Monty,30/04/15 23:00,01/05/14 00:00,91.0,,Education,,,,Office,,80205.0,7451.285115,College/University,America/Chicago,,Monty,Office,weather3.csv,,
UnivLab_Clint,31/12/15 23:00,01/01/15 00:00,,,Education,,,,College Laboratory,,18342.0,1704.026826,College/University,America/New_York,1960,Clint,UnivLab,weather2.csv,,
PrimClass_Jake,30/11/15 23:00,01/12/14 00:00,,Gas,Education,Gas,1.0,214.0,Primary/Secondary Classroom,D,15413.9048,1432.0,Primary/Secondary School,Europe/London,post 1976,Jake,PrimClass,weather1.csv,,
"Office_Joan,30/11/15 23:00,01/12/14 00:00,,Gas,Government,Gas,2,133,Office,E,19428.8395,1805,""City, County, State"",Europe/London,1919-1945,Joan,Office,weather1.csv,,",,,,,,,,,,,,,,,,,,,,
UnivLab_Cesar,31/12/15 23:00,01/01/15 00:00,,,Education,,,,College Laboratory,,9552.0,887.409456,College/University,America/New_York,1961,Cesar,UnivLab,weather2.csv,,
UnivDorm_Cian,31/12/15 23:00,01/01/15 00:00,,,Education,,,,Dormitory,,20291.0,1885.094773,College/University,America/New_York,1925,Cian,UnivDorm,weather2.csv,,
PrimClass_Johnnie,30/11/15 23:00,01/12/14 00:00,,Gas,Education,Gas,2.0,262.0,Primary/Secondary Classroom,C,19041.3391,1769.0,Primary/Secondary School,Europe/London,post 1976,Johnnie,PrimClass,weather1.csv,,
Office_Marlon,30/04/15 23:00,01/05/14 00:00,47.0,,Education,,,,Office,,28991.0,2693.350873,College/University,America/Chicago,,Marlon,Office,weather3.csv,,
UnivDorm_Curtis,31/12/15 23:00,01/01/15 00:00,,,Education,,,,Dormitory,,39538.0,3673.198814,College/University,America/New_York,1953,Curtis,UnivDorm,weather2.csv,,
UnivDorm_Leonard,30/11/15 23:00,01/12/14 00:00,,Gas,Education,Gas,8.0,,Dormitory,D,83108.0719,7721.0,College/University,Europe/London,1995,Leonard,UnivDorm,weather5.csv,,
"Office_Javon,30/11/15 23:00,01/12/14 00:00,,Gas,Government,Gas,2,,Office,C,7416.3271,689,""City, County, State"",Europe/London,Post 1976,Javon,Office,weather1.csv,,",,,,,,,,,,,,,,,,,,,,
UnivClass_Pete,31/12/15 23:00,01/01/15 00:00,,,Education,,,,College Classroom,,80325.0,7462.433475,College/University,America/New_York,,Pete,UnivClass,weather4.csv,,
PrimClass_Johnathon,30/11/15 23:00,01/12/14 00:00,,Gas,Education,Gas,2.0,322.0,Primary/Secondary Classroom,C,24251.0667,2253.0,Primary/Secondary School,Europe/London,1945-1966,Johnathon,PrimClass,weather1.csv,,
"Office_Jeanne,30/11/15 23:00,01/12/14 00:00,,Gas,Government,Gas,2,33,Office,,4650.0048,432,""City, County, State"",Europe/London,post 1976,Jeanne,Office,weather1.csv,,",,,,,,,,,,,,,,,,,,,,
PrimClass_Jamie,30/11/15 23:00,01/12/14 00:00,,Gas,Education,Gas,4.0,1598.0,Primary/Secondary Classroom,D,160037.6652,14868.0,Primary/Secondary School,Europe/London,1945-1966,Jamie,PrimClass,weather1.csv,,
Office_Pamela,31/12/15 23:00,01/01/15 00:00,,,Education,,,,Office,,42129.0,3913.910487,College/University,America/New_York,,Pamela,Office,weather4.csv,,
Office_Allyson,31/12/15 23:00,01/01/15 00:00,,,Education,,,,Office,,28750.0,2670.96125,College/University,America/Phoenix,,Allyson,Office,weather0.csv,,
PrimClass_Jacob,30/11/15 23:00,01/12/14 00:00,,Gas,Education,Gas,1.0,270.0,Primary/Secondary Classroom,D,66187.2211,6149.0,Primary/Secondary School,Europe/London,post 1976,Jacob,PrimClass,weather1.csv,,
Office_Amelie,31/12/15 23:00,01/01/15 00:00,,,Education,,,,Office,,42214.0,3921.807242,College/University,America/Phoenix,1985,Amelie,Office,weather0.csv,,
UnivDorm_Patrice,31/12/15 23:00,01/01/15 00:00,,,Education,,,,Dormitory,,44352.0,4120.433856,College/University,America/New_York,,Patrice,UnivDorm,weather4.csv,,
UnivClass_Alexander,31/12/15 23:00,01/01/15 00:00,,,Education,,,,College Classroom,,78268.0,7271.332004,College/University,America/Phoenix,1964,Alexander,UnivClass,weather0.csv,,
Office_Maximus,30/04/15 23:00,01/05/14 00:00,94.0,,Education,,,,Office,,131745.0,12239.50574,College/University,America/Chicago,,Maximus,Office,weather3.csv,,
Office_Ava,31/12/15 23:00,01/01/15 00:00,,,Education,,,,Office,,29778.0,2766.465534,College/University,America/Phoenix,,Ava,Office,weather0.csv,,
Office_Michael,30/04/15 23:00,01/05/14 00:00,,,Education,,,,Office,,119509.0,11102.74463,College/University,America/Chicago,,Michael,Office,weather3.csv,,
Office_Caleb,31/12/15 23:00,01/01/15 00:00,,,Education,,,,Office,,87977.0,8173.327231,College/University,America/New_York,1947,Caleb,Office,weather2.csv,,
Office_Scottie,30/11/15 23:00,01/12/14 00:00,,,Education,,,,Office,B,24681.6227,2293.0,College/University,Europe/London,1970,Scottie,Office,weather6.csv,,
Office_Cecelia,31/12/15 23:00,01/01/15 00:00,,,Education,,,,Office,,11524.0,1070.614172,College/University,America/New_York,1994,Cecelia,Office,weather2.csv,,
Office_Nelson,31/10/15 23:00,01/11/14 00:00,,,Education,,,1947.0,Office,,92121.0,8558.317263,College/University,America/Chicago,,Nelson,Office,weather9.csv,,
PrimClass_Angela,31/12/15 23:00,01/01/15 00:00,,,Education,,,,Primary/Secondary Classroom,,16744.0,1555.567832,College/University,America/Phoenix,,Angela,PrimClass,weather0.csv,,
Office_Abbey,31/12/15 23:00,01/01/15 00:00,,,Education,,,,Office,,74180.0,6891.54454,College/University,America/Phoenix,1930,Abbey,Office,weather0.csv,,
UnivDorm_Candace,31/12/15 23:00,01/01/15 00:00,,,Education,,,,Dormitory,,18277.0,1697.988131,College/University,America/New_York,1965,Candace,UnivDorm,weather2.csv,,
UnivDorm_Clayton,31/12/15 23:00,01/01/15 00:00,,,Education,,,,Dormitory,,98624.0,9162.465472,College/University,America/New_York,1866,Clayton,UnivDorm,weather2.csv,,
UnivDorm_Ahmad,31/12/15 23:00,01/01/15 00:00,,,Education,,,,Dormitory,,49108.0,4562.280524,College/University,America/Phoenix,1951,Ahmad,UnivDorm,weather0.csv,,
UnivClass_Armando,31/12/15 23:00,01/01/15 00:00,,,Education,,,,College Classroom,,25139.0,2335.488517,College/University,America/Phoenix,1970,Armando,UnivClass,weather0.csv,,
UnivDorm_April,31/12/15 23:00,01/01/15 00:00,,,Education,,,,Dormitory,,553210.0,51394.86863,College/University,America/Phoenix,2009,April,UnivDorm,weather0.csv,,
"Office_John,30/11/15 23:00,01/12/14 00:00,,Gas,Government,Gas,3,293,Office,E,152470.6435,14165,""City, County, State"",Europe/London,Pre 1919,John,Office,weather1.csv,,",,,,,,,,,,,,,,,,,,,,
Office_Moses,30/04/15 23:00,01/05/14 00:00,,,Education,,,,Office,,87187.0,8099.933861,College/University,America/Chicago,,Moses,Office,weather3.csv,,
UnivDorm_Corey,31/12/15 23:00,01/01/15 00:00,,,Education,,,,Dormitory,,48881.0,4541.191543,College/University,America/New_York,1902,Corey,UnivDorm,weather2.csv,,
Office_Martha,30/04/15 23:00,01/05/14 00:00,86.0,,Education,,,,Office,,94988.0,8824.670164,College/University,America/Chicago,,Martha,Office,weather3.csv,,
UnivClass_Anamaria,31/12/15 23:00,01/01/15 00:00,,,Education,,,,College Classroom,,49078.0,4559.493434,College/University,America/Phoenix,1914,Anamaria,UnivClass,weather0.csv,,
UnivDorm_Cooper,31/12/15 23:00,01/01/15 00:00,,,Education,,,,Dormitory,,133594.0,12411.28338,College/University,America/New_York,1961,Cooper,UnivDorm,weather2.csv,,
UnivClass_Andy,31/12/15 23:00,01/01/15 00:00,,,Education,,,,College Classroom,,12773.0,1186.650019,College/University,America/Phoenix,,Andy,UnivClass,weather0.csv,,
UnivClass_Archie,31/12/15 23:00,01/01/15 00:00,,,Education,,,,College Classroom,,75650.0,7028.11195,College/University,America/Phoenix,,Archie,UnivClass,weather0.csv,,
Office_Mercedes,30/04/15 23:00,01/05/14 00:00,,,Education,,,,Office,,59476.0,5525.498828,College/University,America/Chicago,,Mercedes,Office,weather3.csv,,
UnivClass_Stuart,30/11/15 23:00,01/12/14 00:00,,,Education,,,,College Classroom,C,45305.2551,4209.0,College/University,Europe/London,1965,Stuart,UnivClass,weather6.csv,,
Office_Mat,30/04/15 23:00,01/05/14 00:00,,,Education,,,,Office,,53077.0,4931.012531,College/University,America/Chicago,,Mat,Office,weather3.csv,,
Office_Clifton,31/12/15 23:00,01/01/15 00:00,,,Education,,,,Office,,31316.0,2909.350348,College/University,America/New_York,1913,Clifton,Office,weather2.csv,,
UnivLab_Cindy,31/12/15 23:00,01/01/15 00:00,,,Education,,,,College Laboratory,,116854.0,10856.08716,College/University,America/New_York,1978,Cindy,UnivLab,weather2.csv,,
UnivLab_Neil,31/10/15 23:00,01/11/14 00:00,,,Education,,,511.0,College Laboratory,,27145.0,2521.851935,College/University,America/Chicago,,Neil,UnivLab,weather9.csv,,
Office_Marilyn,30/04/15 23:00,01/05/14 00:00,91.0,,Education,,,,Office,,52748.0,4900.447444,College/University,America/Chicago,,Marilyn,Office,weather3.csv,,
UnivDorm_Malachi,30/04/15 23:00,01/05/14 00:00,85.0,,Education,,,,Dormitory,,117054.0,10874.66776,College/University,America/Chicago,,Malachi,UnivDorm,weather3.csv,,
UnivDorm_Mathew,30/04/15 23:00,01/05/14 00:00,49.0,,Education,,,,Dormitory,,177550.0,16494.92765,College/University,America/Chicago,,Mathew,UnivDorm,weather3.csv,,
UnivDorm_Ashleigh,31/12/15 23:00,01/01/15 00:00,,,Education,,,,Dormitory,,32841.0,3051.027423,College/University,America/Phoenix,1935,Ashleigh,UnivDorm,weather0.csv,,
Office_Malik,30/04/15 23:00,01/05/14 00:00,94.0,,Education,,,,Office,,67839.0,6302.446617,College/University,America/Chicago,,Malik,Office,weather3.csv,,
UnivClass_Sam,30/11/15 23:00,01/12/14 00:00,,,Education,,,,College Classroom,D,61709.4387,5733.0,College/University,Europe/London,1966,Sam,UnivClass,weather6.csv,,
UnivClass_Alec,31/12/15 23:00,01/01/15 00:00,,,Education,,,,College Classroom,,4314.0,400.783542,College/University,America/Phoenix,1907,Alec,UnivClass,weather0.csv,,
UnivClass_Alvin,31/12/15 23:00,01/01/15 00:00,,,Education,,,,College Classroom,,95944.0,8913.485432,College/University,America/Phoenix,1961,Alvin,UnivClass,weather0.csv,,
Office_Alyson,31/12/15 23:00,01/01/15 00:00,,,Education,,,,Office,,155682.0,14463.32485,College/University,America/Phoenix,,Alyson,Office,weather0.csv,,
Office_Benjamin,31/12/12 23:00,01/01/12 00:00,,,Education,,,,Office,,75488.0,7013.061664,College/University,America/Los_Angeles,1948,Benjamin,Office,weather7.csv,,
UnivDorm_Piper,31/12/15 23:00,01/01/15 00:00,,,Education,,,,Dormitory,,82911.0,7702.680633,College/University,America/New_York,,Piper,UnivDorm,weather4.csv,,
UnivDorm_Colton,31/12/15 23:00,01/01/15 00:00,,,Education,,,,Dormitory,,19876.0,1846.540028,College/University,America/New_York,1932,Colton,UnivDorm,weather2.csv,,
UnivDorm_Paola,31/12/15 23:00,01/01/15 00:00,,,Education,,,,Dormitory,,278795.0,25900.89189,College/University,America/New_York,,Paola,UnivDorm,weather4.csv,,
UnivLab_Miles,30/04/15 23:00,01/05/14 00:00,,,Education,,,,College Laboratory,,142672.0,13254.65682,College/University,America/Chicago,,Miles,UnivLab,weather3.csv,,
UnivDorm_Lawrence,30/11/15 23:00,01/12/14 00:00,,Gas,Education,Gas,8.0,,Dormitory,C,64723.3307,6013.0,College/University,Europe/London,1960,Lawrence,UnivDorm,weather5.csv,,
UnivClass_Sheila,30/11/15 23:00,01/12/14 00:00,,,Education,,,,College Classroom,F,61246.591,5690.0,College/University,Europe/London,1960,Sheila,UnivClass,weather6.csv,,
UnivDorm_Alonzo,31/12/15 23:00,01/01/15 00:00,,,Education,,,,Dormitory,,36406.0,3382.226618,College/University,America/Phoenix,1940,Alonzo,UnivDorm,weather0.csv,,
UnivClass_Beatrice,31/12/12 23:00,01/01/12 00:00,,,Education,,,,College Classroom,,56602.0,5258.495606,College/University,America/Los_Angeles,1923,Beatrice,UnivClass,weather7.csv,,
Office_Mohammed,30/04/15 23:00,01/05/14 00:00,9.0,,Education,,,,Office,,98212.0,9124.189436,College/University,America/Chicago,,Mohammed,Office,weather3.csv,,
UnivDorm_Chester,31/12/15 23:00,01/01/15 00:00,,,Education,,,,Dormitory,,65999.0,6131.505097,College/University,America/New_York,1975,Chester,UnivDorm,weather2.csv,,
UnivLab_Tami,31/12/13 23:00,01/01/13 00:00,,,Education,,,,College Laboratory,,73981.36109,6873.1,College/University,Europe/Zurich,,Tami,UnivLab,weather8.csv,,
Office_Bianca,31/12/12 23:00,01/01/12 00:00,,,Education,,,,Office,,57343.0,5327.336729,College/University,America/Los_Angeles,1905,Bianca,Office,weather7.csv,,
UnivDorm_Phillip,31/12/15 23:00,01/01/15 00:00,,,Education,,,,Dormitory,,47007.0,4367.091321,College/University,America/New_York,,Phillip,UnivDorm,weather4.csv,,
UnivDorm_Mitch,30/04/15 23:00,01/05/14 00:00,83.0,,Education,,,,Dormitory,,74584.0,6929.077352,College/University,America/Chicago,,Mitch,UnivDorm,weather3.csv,,
UnivDorm_Casey,31/12/15 23:00,01/01/15 00:00,,,Education,,,,Dormitory,,24103.0,2239.241009,College/University,America/New_York,1964,Casey,UnivDorm,weather2.csv,,
UnivClass_Colette,31/12/15 23:00,01/01/15 00:00,,,Education,,,,College Classroom,,40461.0,3758.948283,College/University,America/New_York,2002,Colette,UnivClass,weather2.csv,,
Office_Benthe,31/12/12 23:00,01/01/12 00:00,,,Education,,,,Office,,236242.0,21947.59053,College/University,America/Los_Angeles,1962,Benthe,Office,weather7.csv,,
Office_Gemma,30/11/15 23:00,01/12/14 00:00,,District heating,Government,,7.0,1815.0,Office,E,820241.4717,76203.0,Other Government Buildings,Europe/London,1862-1875,Gemma,Office,weather5.csv,,
UnivDorm_Leticia,30/11/15 23:00,01/12/14 00:00,,Gas,Education,Gas,7.0,,Dormitory,E,102773.7172,9548.0,College/University,Europe/London,1956,Leticia,UnivDorm,weather5.csv,,
Office_Micheal,30/04/15 23:00,01/05/14 00:00,,,Education,,,,Office,,121714.0,11307.59574,College/University,America/Chicago,,Micheal,Office,weather3.csv,,
UnivClass_Abraham,31/12/15 23:00,01/01/15 00:00,,,Education,,,,College Classroom,,95717.0,8892.396451,College/University,America/Phoenix,2969,Abraham,UnivClass,weather0.csv,,
UnivDorm_Leslie,30/11/15 23:00,01/12/14 00:00,,Gas,Education,Gas,10.0,,Dormitory,D,66531.6659,6181.0,College/University,Europe/London,1967,Leslie,UnivDorm,weather5.csv,,
UnivDorm_Poppy,31/12/15 23:00,01/01/15 00:00,,,Education,,,,Dormitory,,113000.0,10498.039,College/University,America/New_York,,Poppy,UnivDorm,weather4.csv,,
Office_Corbin,31/12/15 23:00,01/01/15 00:00,,,Education,,,,Office,,40611.0,3772.883733,College/University,America/New_York,1866,Corbin,Office,weather2.csv,,
Office_Aubrey,31/12/15 23:00,01/01/15 00:00,,,Education,,,,Office,,23549.0,2187.772747,College/University,America/Phoenix,1941,Aubrey,Office,weather0.csv,,
Office_Autumn,31/12/15 23:00,01/01/15 00:00,,,Education,,,,Office,,163959.0,15232.28298,College/University,America/Phoenix,2004,Autumn,Office,weather0.csv,,
Office_Abigail,31/12/15 23:00,01/01/15 00:00,,,Education,,,,Office,,9703.0,901.437809,College/University,America/Phoenix,1940,Abigail,Office,weather0.csv,,
Office_Mark,30/04/15 23:00,01/05/14 00:00,,,Education,,,,Office,,96612.0,8975.544636,College/University,America/Chicago,,Mark,Office,weather3.csv,,
UnivDorm_Lysander,30/11/15 23:00,01/12/14 00:00,,Gas,Education,Gas,7.0,,Dormitory,G,102956.7035,9565.0,College/University,Europe/London,1968,Lysander,UnivDorm,weather5.csv,,
UnivClass_Christian,31/12/15 23:00,01/01/15 00:00,,,Education,,,,College Classroom,,50567.0,4697.826001,College/University,America/New_York,1880,Christian,UnivClass,weather2.csv,,
UnivClass_Alexandra,31/12/15 23:00,01/01/15 00:00,,,Education,,,,College Classroom,,282946.0,26286.53224,College/University,America/Phoenix,2003,Alexandra,UnivClass,weather0.csv,,
UnivLab_Tracie,31/12/13 23:00,01/01/13 00:00,,,Education,,,,College Laboratory,,648094.419,60210.0,College/University,Europe/Zurich,,Tracie,UnivLab,weather8.csv,,
UnivClass_Philip,31/12/15 23:00,01/01/15 00:00,,,Education,,,,College Classroom,,30531.0,2836.421493,College/University,America/New_York,,Philip,UnivClass,weather4.csv,,
UnivDorm_Antonio,31/12/15 23:00,01/01/15 00:00,,,Education,,,,Dormitory,,30949.0,2875.254947,College/University,America/Phoenix,1951,Antonio,UnivDorm,weather0.csv,,
UnivDorm_Malcolm,30/04/15 23:00,01/05/14 00:00,45.0,,Education,,,,Dormitory,,174924.0,16250.96437,College/University,America/Chicago,,Malcolm,UnivDorm,weather3.csv,,
Office_Travis,31/12/13 23:00,01/01/13 00:00,,,Education,,,,Office,,99501.4916,9244.0,College/University,Europe/Zurich,,Travis,Office,weather8.csv,,
Office_Lena,30/11/15 23:00,01/12/14 00:00,,Gas,Education,Gas,8.0,,Office,D,31613.5743,2937.0,College/University,Europe/London,1956,Lena,Office,weather5.csv,,
Office_Max,30/04/15 23:00,01/05/14 00:00,,,Education,,,,Office,,71936.0,6683.070208,College/University,America/Chicago,,Max,Office,weather3.csv,,
UnivClass_Allen,31/12/15 23:00,01/01/15 00:00,,,Education,,,,College Classroom,,62238.0,5782.096914,College/University,America/Phoenix,1970,Allen,UnivClass,weather0.csv,,
UnivDorm_Ciaran,31/12/15 23:00,01/01/15 00:00,,,Education,,,,Dormitory,,136522.0,12683.30337,College/University,America/New_York,2005,Ciaran,UnivDorm,weather2.csv,,
UnivClass_Pandora,31/12/15 23:00,01/01/15 00:00,,,Education,,,,College Classroom,,58307.0,5416.895221,College/University,America/New_York,,Pandora,UnivClass,weather4.csv,,
Office_Gustavo,30/11/15 23:00,01/12/14 00:00,,Gas,Government,Gas,11.0,410.0,Office,G,242930.4591,22569.0,Other Government Buildings,Europe/London,,Gustavo,Office,weather5.csv,,
UnivDorm_Alyssa,31/12/15 23:00,01/01/15 00:00,,,Education,,,,Dormitory,,111304.0,10340.47551,College/University,America/Phoenix,1964,Alyssa,UnivDorm,weather0.csv,,
UnivClass_Axel,31/12/15 23:00,01/01/15 00:00,,,Education,,,,College Classroom,,24586.0,2284.113158,College/University,America/Phoenix,,Axel,UnivClass,weather0.csv,,
UnivDorm_Phoebe,31/12/15 23:00,01/01/15 00:00,,,Education,,,,Dormitory,,128044.0,11895.67173,College/University,America/New_York,,Phoebe,UnivDorm,weather4.csv,,
Office_Penny,31/12/15 23:00,01/01/15 00:00,,,Education,,,,Office,,37485.0,3482.468955,College/University,America/New_York,,Penny,Office,weather4.csv,,
Office_Garrett,30/11/15 23:00,01/12/14 00:00,,Gas,Government,Gas,5.0,46.0,Office,E,11388.2062,1058.0,Other Government Buildings,Europe/London,1754-1756,Garrett,Office,weather5.csv,,
UnivLab_Terrie,31/12/13 23:00,01/01/13 00:00,,,Education,,,,College Laboratory,,86436.26978,8030.2,College/University,Europe/Zurich,,Terrie,UnivLab,weather8.csv,,
UnivLab_Tracy,31/12/13 23:00,01/01/13 00:00,,,Education,,,,College Laboratory,,64246.48993,5968.7,College/University,Europe/Zurich,,Tracy,UnivLab,weather8.csv,,
UnivClass_Phyllis,31/12/15 23:00,01/01/15 00:00,,,Education,,,,College Classroom,,13512.0,1255.305336,College/University,America/New_York,,Phyllis,UnivClass,weather4.csv,,
UnivDorm_Marquis,30/04/15 23:00,01/05/14 00:00,56.0,,Education,,,,Dormitory,,233341.0,21678.07892,College/University,America/Chicago,,Marquis,UnivDorm,weather3.csv,,
PrimClass_Jazmin,30/11/15 23:00,01/12/14 00:00,,Gas,Education,Gas,1.0,71.0,Primary/Secondary Classroom,C,11269.8033,1047.0,Primary/Secondary School,Europe/London,1967-1976,Jazmin,PrimClass,weather1.csv,,
UnivClass_Seb,30/11/15 23:00,01/12/14 00:00,,,Education,,,,College Classroom,B,65024.7199,6041.0,College/University,Europe/London,1975,Seb,UnivClass,weather6.csv,,
Office_Annika,31/12/15 23:00,01/01/15 00:00,,,Education,,,,Office,,23392.0,2173.186976,College/University,America/Phoenix,,Annika,Office,weather0.csv,,
Office_Shawnette,30/11/15 23:00,01/12/14 00:00,,,Education,,,,Office,C,64152.844,5960.0,College/University,Europe/London,1968,Shawnette,Office,weather6.csv,,
Office_Cody,31/12/15 23:00,01/01/15 00:00,,,Education,,,,Office,,84615.0,7860.987345,College/University,America/New_York,1963,Cody,Office,weather2.csv,,
PrimClass_Jaiden,30/11/15 23:00,01/12/14 00:00,,Electricity,Education,Electricity,1.0,192.0,Primary/Secondary Classroom,F,8729.5229,811.0,Primary/Secondary School,Europe/London,1967-1976,Jaiden,PrimClass,weather1.csv,,
Office_Charles,31/12/15 23:00,01/01/15 00:00,,,Education,,,,Office,,187041.0,17376.67002,College/University,America/New_York,1973,Charles,Office,weather2.csv,,
UnivDorm_Avery,31/12/15 23:00,01/01/15 00:00,,,Education,,,,Dormitory,,86323.0,8019.665669,College/University,America/Phoenix,1956,Avery,UnivDorm,weather0.csv,,
UnivLab_Taylor,31/12/13 23:00,01/01/13 00:00,,,Education,,,,College Laboratory,,64940.76148,6033.2,College/University,Europe/Zurich,,Taylor,UnivLab,weather8.csv,,
UnivClass_Carl,31/12/15 23:00,01/01/15 00:00,,,Education,,,,College Classroom,,180625.0,16780.60438,College/University,America/New_York,1933,Carl,UnivClass,weather2.csv,,
Office_Pam,31/12/15 23:00,01/01/15 00:00,,,Education,,,,Office,,104667.0,9723.878301,College/University,America/New_York,,Pam,Office,weather4.csv,,
UnivClass_Conor,31/12/15 23:00,01/01/15 00:00,,,Education,,,,College Classroom,,4298.0,399.297094,College/University,America/New_York,,Conor,UnivClass,weather2.csv,,
UnivLab_Lilly,30/11/15 23:00,01/12/14 00:00,,Gas,Education,Gas,6.0,,College Laboratory,D,38319.484,3560.0,College/University,Europe/London,1900,Lilly,UnivLab,weather5.csv,,
UnivDorm_Mauricio,30/04/15 23:00,01/05/14 00:00,58.0,,Education,,,,Dormitory,,153299.0,14241.937,College/University,America/Chicago,,Mauricio,UnivDorm,weather3.csv,,
UnivClass_Maddison,30/04/15 23:00,01/05/14 00:00,,,Education,,,,College Classroom,,14185.0,1317.829055,College/University,America/Chicago,,Maddison,UnivClass,weather3.csv,,
UnivClass_Annmarie,31/12/15 23:00,01/01/15 00:00,,,Education,,,,College Classroom,,137065.0,12733.7497,College/University,America/Phoenix,1964,Annmarie,UnivClass,weather0.csv,,
Office_Asher,31/12/15 23:00,01/01/15 00:00,,,Education,,,,Office,,121440.0,11282.14032,College/University,America/Phoenix,1983,Asher,Office,weather0.csv,,
UnivDorm_Petar,31/12/15 23:00,01/01/15 00:00,,,Education,,,,Dormitory,,35936.0,3338.562208,College/University,America/New_York,,Petar,UnivDorm,weather4.csv,,
UnivClass_Stephen,30/11/15 23:00,01/12/14 00:00,,,Education,,,,College Classroom,B,32367.0473,3007.0,College/University,Europe/London,1938,Stephen,UnivClass,weather6.csv,,
UnivClass_Serenity,30/11/15 23:00,01/12/14 00:00,,,Education,,,,College Classroom,D,31118.4349,2891.0,College/University,Europe/London,1994,Serenity,UnivClass,weather6.csv,,
Office_Mada,30/04/15 23:00,01/05/14 00:00,56.0,,Education,,,,Office,,70852.0,6582.363356,College/University,America/Chicago,,Mada,Office,weather3.csv,,
Office_Lillian,30/11/15 23:00,01/12/14 00:00,,Heat network,Education,Heat Network,12.0,,Office,F,174601.2219,16221.0,College/University,Europe/London,1960,Lillian,Office,weather5.csv,,
Office_Al,31/12/15 23:00,01/01/15 00:00,,,Education,,,,Office,,118966.0,11052.2983,College/University,America/Phoenix,1988,Al,Office,weather0.csv,,
UnivLab_Preston,31/12/15 23:00,01/01/15 00:00,,,Education,,,,College Laboratory,,39558.0,3675.056874,College/University,America/New_York,,Preston,UnivLab,weather4.csv,,
Office_Clarissa,31/12/15 23:00,01/01/15 00:00,,,Education,,,,Office,,14744.0,1369.761832,College/University,America/New_York,1910,Clarissa,Office,weather2.csv,,
UnivClass_Nishka,31/10/15 23:00,01/11/14 00:00,,,Education,,,1370.0,College Classroom,,57964.0,5385.029492,College/University,America/Chicago,,Nishka,UnivClass,weather9.csv,,
Office_Andrea,31/12/15 23:00,01/01/15 00:00,,,Education,,,,Office,,33713.0,3132.038839,College/University,America/Phoenix,1956,Andrea,Office,weather0.csv,,
UnivDorm_Mckenzie,30/04/15 23:00,01/05/14 00:00,49.0,,Education,,,,Dormitory,,157070.0,14592.27421,College/University,America/Chicago,,Mckenzie,UnivDorm,weather3.csv,,
UnivClass_Ayanna,31/12/15 23:00,01/01/15 00:00,,,Education,,,,College Classroom,,71224.0,6616.923272,College/University,America/Phoenix,,Ayanna,UnivClass,weather0.csv,,
UnivClass_Nickolas,31/10/15 23:00,01/11/14 00:00,,,Education,,,2417.0,College Classroom,,100310.0,9319.09993,College/University,America/Chicago,,Nickolas,UnivClass,weather9.csv,,
UnivClass_Amya,31/12/15 23:00,01/01/15 00:00,,,Education,,,,College Classroom,,30596.0,2842.460188,College/University,America/Phoenix,1999,Amya,UnivClass,weather0.csv,,
UnivClass_Nathaniel,31/10/15 23:00,01/11/14 00:00,,,Education,,,3537.0,College Classroom,,166151.0,15435.92635,College/University,America/Chicago,,Nathaniel,UnivClass,weather9.csv,,
UnivDorm_Alka,31/12/15 23:00,01/01/15 00:00,,,Education,,,,Dormitory,,212128.0,19707.32758,College/University,America/Phoenix,,Alka,UnivDorm,weather0.csv,,
Office_Pat,31/12/15 23:00,01/01/15 00:00,,,Education,,,,Office,,32766.0,3044.059698,College/University,America/New_York,,Pat,Office,weather4.csv,,
UnivClass_Charlie,31/12/15 23:00,01/01/15 00:00,,,Education,,,,College Classroom,,91253.0,8477.677459,College/University,America/New_York,1888,Charlie,UnivClass,weather2.csv,,
UnivLab_Alexis,31/12/15 23:00,01/01/15 00:00,,,Education,,,,College Laboratory,,49384.0,4587.921752,College/University,America/Phoenix,1967,Alexis,UnivLab,weather0.csv,,
UnivClass_Alexandria,31/12/15 23:00,01/01/15 00:00,,,Education,,,,College Classroom,,88486.0,8220.614858,College/University,America/Phoenix,,Alexandria,UnivClass,weather0.csv,,
UnivClass_Annabella,31/12/15 23:00,01/01/15 00:00,,,Education,,,,College Classroom,,111635.0,10371.22641,College/University,America/Phoenix,1989,Annabella,UnivClass,weather0.csv,,
UnivClass_Antoinette,31/12/15 23:00,01/01/15 00:00,,,Education,,,,College Classroom,,34171.0,3174.588413,College/University,America/Phoenix,,Antoinette,UnivClass,weather0.csv,,
UnivDorm_Cathal,31/12/15 23:00,01/01/15 00:00,,,Education,,,,Dormitory,,78438.0,7287.125514,College/University,America/New_York,2004,Cathal,UnivDorm,weather2.csv,,
Office_Marianne,30/04/15 23:00,01/05/14 00:00,29.0,,Education,,,,Office,,99946.0,9285.283238,College/University,America/Chicago,,Marianne,Office,weather3.csv,,
UnivLab_Cedric,31/12/15 23:00,01/01/15 00:00,,,Education,,,,College Laboratory,,105612.0,9811.671636,College/University,America/New_York,1967,Cedric,UnivLab,weather2.csv,,
Office_Angelo,31/12/15 23:00,01/01/15 00:00,,,Education,,,,Office,,51732.0,4806.057996,College/University,America/Phoenix,1966,Angelo,Office,weather0.csv,,
Office_Anastasia,31/12/15 23:00,01/01/15 00:00,,,Education,,,,Office,,148101.0,13759.0272,College/University,America/Phoenix,,Anastasia,Office,weather0.csv,,
Office_Marvin,30/04/15 23:00,01/05/14 00:00,69.0,,Education,,,,Office,,10385.0,964.797655,College/University,America/Chicago,,Marvin,Office,weather3.csv,,
Office_Glenda,30/11/15 23:00,01/12/14 00:00,,Gas,Government,Gas,10.0,283.0,Office,E,60600.757,5630.0,Other Government Buildings,Europe/London,1906,Glenda,Office,weather5.csv,,
UnivClass_Sylvia,30/11/15 23:00,01/12/14 00:00,,,Education,,,,College Classroom,D,49513.94,4600.0,College/University,Europe/London,2000,Sylvia,UnivClass,weather6.csv,,
UnivLab_Susan,30/11/15 23:00,01/12/14 00:00,,,Education,,,,College Laboratory,D,16307.3085,1515.0,College/University,Europe/London,2007,Susan,UnivLab,weather6.csv,,
UnivClass_Peter,31/12/15 23:00,01/01/15 00:00,,,Education,,,,College Classroom,,77263.0,7177.964489,College/University,America/New_York,,Peter,UnivClass,weather4.csv,,
UnivClass_Aoibhe,31/12/15 23:00,01/01/15 00:00,,,Education,,,,College Classroom,,244964.0,22757.89049,College/University,America/Phoenix,2008,Aoibhe,UnivClass,weather0.csv,,
UnivClass_Ciara,31/12/15 23:00,01/01/15 00:00,,,Education,,,,College Classroom,,140488.0,13051.75666,College/University,America/New_York,1961,Ciara,UnivClass,weather2.csv,,
Office_Brian,31/12/12 23:00,01/01/12 00:00,,,Education,,,,Office,,77055.0,7158.640665,College/University,America/Los_Angeles,1917,Brian,Office,weather7.csv,,
UnivLab_Beth,31/12/12 23:00,01/01/12 00:00,,,Education,,,,College Laboratory,,172244.0,16001.98433,College/University,America/Los_Angeles,1963,Beth,UnivLab,weather7.csv,,
UnivClass_Anya,31/12/15 23:00,01/01/15 00:00,,,Education,,,,College Classroom,,7481.0,695.007343,College/University,America/Phoenix,1969,Anya,UnivClass,weather0.csv,,
Office_Maya,30/04/15 23:00,01/05/14 00:00,91.0,,Education,,,,Office,,92099.0,8556.273397,College/University,America/Chicago,,Maya,Office,weather3.csv,,
Office_Gisselle,30/11/15 23:00,01/12/14 00:00,,Gas,Government,Gas,9.0,1580.0,Office,E,1315596.15,122223.0,Other Government Buildings,Europe/London,11th Century onwards,Gisselle,Office,weather5.csv,,
Office_Phebian,31/12/15 23:00,01/01/15 00:00,,,Education,,,,Office,,64818.0,6021.786654,College/University,America/New_York,,Phebian,Office,weather4.csv,,
Office_Matthew,30/04/15 23:00,01/05/14 00:00,75.0,,Education,,,,Office,,157545.0,14636.40314,College/University,America/Chicago,,Matthew,Office,weather3.csv,,
UnivClass_Bob,31/12/12 23:00,01/01/12 00:00,,,Education,,,,College Classroom,,128540.0,11941.75162,College/University,America/Los_Angeles,1968,Bob,UnivClass,weather7.csv,,
Office_Amelia,31/12/15 23:00,01/01/15 00:00,,,Education,,,,Office,,6203.0,576.277309,College/University,America/Phoenix,1999,Amelia,Office,weather0.csv,,
"Office_Jan,30/11/15 23:00,01/12/14 00:00,,Gas,Government,Gas,4,340,Office,E,36220.5235,3365,""City, County, State"",Europe/London,Post 1976,Jan,Office,weather1.csv,,",,,,,,,,,,,,,,,,,,,,
UnivClass_Alicia,31/12/15 23:00,01/01/15 00:00,,,Education,,,,College Classroom,,84300.0,7831.7229,College/University,America/Phoenix,,Alicia,UnivClass,weather0.csv,,
Office_Madeleine,30/04/15 23:00,01/05/14 00:00,,,Education,,,,Office,,57394.0,5332.074782,College/University,America/Chicago,,Madeleine,Office,weather3.csv,,
Office_Angelina,31/12/15 23:00,01/01/15 00:00,,,Education,,,,Office,,140345.0,13038.47154,College/University,America/Phoenix,,Angelina,Office,weather0.csv,,
"Office_Jackson,30/11/15 23:00,01/12/14 00:00,,Gas,Government,Gas,1,,Office,D,11442.0257,1063,""City, County, State"",Europe/London,Post 1976,Jackson,Office,weather1.csv,,",,,,,,,,,,,,,,,,,,,,
Office_Melinda,30/04/15 23:00,01/05/14 00:00,,,Education,,,,Office,,35829.0,3328.621587,College/University,America/Chicago,,Melinda,Office,weather3.csv,,
Office_Catherine,31/12/15 23:00,01/01/15 00:00,,,Education,,,,Office,,115288.0,10710.60106,College/University,America/New_York,1957,Catherine,Office,weather2.csv,,
UnivDorm_Carter,31/12/15 23:00,01/01/15 00:00,,,Education,,,,Dormitory,,65663.0,6100.289689,College/University,America/New_York,1975,Carter,UnivDorm,weather2.csv,,
Office_Gloria,30/11/15 23:00,01/12/14 00:00,,Gas,Government,Gas,10.0,525.0,Office,E,117380.3295,10905.0,Other Government Buildings,Europe/London,1888-1890,Gloria,Office,weather5.csv,,
UnivClass_Alexus,31/12/15 23:00,01/01/15 00:00,,,Education,,,,College Classroom,,98829.0,9181.510587,College/University,America/Phoenix,1968,Alexus,UnivClass,weather0.csv,,
UnivDorm_Leann,30/11/15 23:00,01/12/14 00:00,,Electric,Education,Electric,8.0,,Dormitory,E,49589.2873,4607.0,College/University,Europe/London,1998,Leann,UnivDorm,weather5.csv,,
UnivClass_Anne,31/12/15 23:00,01/01/15 00:00,,,Education,,,,College Classroom,,41179.0,3825.652637,College/University,America/Phoenix,,Anne,UnivClass,weather0.csv,,
UnivDorm_Cornelius,31/12/15 23:00,01/01/15 00:00,,,Education,,,,Dormitory,,83141.0,7724.048323,College/University,America/New_York,2006,Cornelius,UnivDorm,weather2.csv,,
Office_Sinead,30/11/15 23:00,01/12/14 00:00,,,Education,,,,Office,D,11517.373,1070.0,College/University,Europe/London,1989,Sinead,Office,weather6.csv,,
Office_Megan,30/04/15 23:00,01/05/14 00:00,,,Education,,,,Office,,58703.0,5453.684809,College/University,America/Chicago,,Megan,Office,weather3.csv,,
UnivClass_Alfredo,31/12/15 23:00,01/01/15 00:00,,,Education,,,,College Classroom,,90903.0,8445.161409,College/University,America/Phoenix,,Alfredo,UnivClass,weather0.csv,,
UnivClass_Conner,31/12/15 23:00,01/01/15 00:00,,,Education,,,,College Classroom,,99774.0,9269.303922,College/University,America/New_York,1955,Conner,UnivClass,weather2.csv,,
UnivClass_Nelly,31/10/15 23:00,01/11/14 00:00,,,Education,,,4144.0,College Classroom,,164166.0,15251.5139,College/University,America/Chicago,,Nelly,UnivClass,weather9.csv,,
UnivDorm_Alex,31/12/15 23:00,01/01/15 00:00,,,Education,,,,Dormitory,,106440.0,9888.59532,College/University,America/Phoenix,1963,Alex,UnivDorm,weather0.csv,,
Office_Shari,30/11/15 23:00,01/12/14 00:00,,,Education,,,,Office,D,11108.3448,1032.0,College/University,Europe/London,1965,Shari,Office,weather6.csv,,
Office_Madisyn,30/04/15 23:00,01/05/14 00:00,,,Education,,,,Office,,25463.0,2365.589089,College/University,America/Chicago,,Madisyn,Office,weather3.csv,,
Office_Natasha,31/10/15 23:00,01/11/14 00:00,,,Education,,,2740.0,Office,,112178.0,10421.67273,College/University,America/Chicago,,Natasha,Office,weather9.csv,,
UnivClass_Calvin,31/12/15 23:00,01/01/15 00:00,,,Education,,,,College Classroom,,9111.0,846.439233,College/University,America/New_York,1958,Calvin,UnivClass,weather2.csv,,
"Office_Jude,30/11/15 23:00,01/12/14 00:00,,Gas,Government,Gas,5,1122,Office,F,270033.9593,25087,""City, County, State"",Europe/London,Post 1976,Jude,Office,weather1.csv,,",,,,,,,,,,,,,,,,,,,,
UnivLab_Aniya,31/12/15 23:00,01/01/15 00:00,,,Education,,,,College Laboratory,,71421.0,6635.225163,College/University,America/Phoenix,,Aniya,UnivLab,weather0.csv,,
UnivDorm_Alphonso,31/12/15 23:00,01/01/15 00:00,,,Education,,,,Dormitory,,60086.0,5582.169658,College/University,America/Phoenix,2001,Alphonso,UnivDorm,weather0.csv,,
Office_Angelica,31/12/15 23:00,01/01/15 00:00,,,Education,,,,Office,,83660.0,7772.26498,College/University,America/Phoenix,1973,Angelica,Office,weather0.csv,,
Office_Morgan,30/04/15 23:00,01/05/14 00:00,,,Education,,,,Office,,20444.0,1899.308932,College/University,America/Chicago,,Morgan,Office,weather3.csv,,
UnivLab_Adrian,31/12/15 23:00,01/01/15 00:00,,,Education,,,,College Laboratory,,88934.0,8262.235402,College/University,America/Phoenix,2009,Adrian,UnivLab,weather0.csv,,
UnivLab_Christy,31/12/15 23:00,01/01/15 00:00,,,Education,,,,College Laboratory,,28084.0,2609.087852,College/University,America/New_York,1913,Christy,UnivLab,weather2.csv,,
Office_Marion,30/04/15 23:00,01/05/14 00:00,,,Education,,,,Office,,87131.0,8094.731293,College/University,America/Chicago,,Marion,Office,weather3.csv,,
UnivLab_Christine,31/12/15 23:00,01/01/15 00:00,,,Education,,,,College Laboratory,,171008.0,15887.15622,College/University,America/New_York,1930,Christine,UnivLab,weather2.csv,,
UnivDorm_Cara,31/12/15 23:00,01/01/15 00:00,,,Education,,,,Dormitory,,169290.0,15727.54887,College/University,America/New_York,2006,Cara,UnivDorm,weather2.csv,,
UnivClass_Adrienne,31/12/15 23:00,01/01/15 00:00,,,Education,,,,College Classroom,,72102.0,6698.492106,College/University,America/Phoenix,1970,Adrienne,UnivClass,weather0.csv,,
UnivClass_Nicholas,31/10/15 23:00,01/11/14 00:00,,,Education,,,1344.0,College Classroom,,54461.0,5059.590283,College/University,America/Chicago,,Nicholas,UnivClass,weather9.csv,,
UnivClass_Nayeli,31/10/15 23:00,01/11/14 00:00,,,Education,,,2130.0,College Classroom,,80078.0,7439.486434,College/University,America/Chicago,,Nayeli,UnivClass,weather9.csv,,
UnivClass_Carolyn,31/12/15 23:00,01/01/15 00:00,,,Education,,,,College Classroom,,108971.0,10123.73281,College/University,America/New_York,1990,Carolyn,UnivClass,weather2.csv,,
"Office_Joni,30/11/15 23:00,01/12/14 00:00,,Gas,Government,Gas,3,556,Office,F,57436.1704,5336,""City, County, State"",Europe/London,Post 1976,Joni,Office,weather1.csv,,",,,,,,,,,,,,,,,,,,,,
UnivLab_Madelyn,30/04/15 23:00,01/05/14 00:00,,,Education,,,,College Laboratory,,184098.0,17103.25649,College/University,America/Chicago,,Madelyn,UnivLab,weather3.csv,,
UnivLab_Arianna,31/12/15 23:00,01/01/15 00:00,,,Education,,,,College Laboratory,,137040.0,12731.42712,College/University,America/Phoenix,1957,Arianna,UnivLab,weather0.csv,,
UnivLab_Ciel,31/12/15 23:00,01/01/15 00:00,,,Education,,,,College Laboratory,,233863.0,21726.57429,College/University,America/New_York,1921,Ciel,UnivLab,weather2.csv,,
Office_Paige,31/12/15 23:00,01/01/15 00:00,,,Education,,,,Office,,59665.0,5543.057495,College/University,America/New_York,,Paige,Office,weather4.csv,,
Office_Martin,30/04/15 23:00,01/05/14 00:00,,,Education,,,,Office,,25977.0,2413.341231,College/University,America/Chicago,,Martin,Office,weather3.csv,,
UnivClass_Clay,31/12/15 23:00,01/01/15 00:00,,,Education,,,,College Classroom,,47398.0,4403.416394,College/University,America/New_York,1912,Clay,UnivClass,weather2.csv,,
PrimClass_Angel,31/12/15 23:00,01/01/15 00:00,,,Education,,,,Primary/Secondary Classroom,,10334.0,960.059602,College/University,America/Phoenix,,Angel,PrimClass,weather0.csv,,
Office_Muhammad,30/04/15 23:00,01/05/14 00:00,,,Education,,,,Office,,92500.0,8593.5275,College/University,America/Chicago,,Muhammad,Office,weather3.csv,,
UnivLab_Ali,31/12/15 23:00,01/01/15 00:00,,,Education,,,,College Laboratory,,65907.0,6122.958021,College/University,America/Phoenix,1964,Ali,UnivLab,weather0.csv,,
Office_Gladys,30/11/15 23:00,01/12/14 00:00,,Gas,Government,Gas,10.0,721.0,Office,E,194805.0622,18098.0,Other Government Buildings,Europe/London,2000,Gladys,Office,weather5.csv,,
Office_Stella,30/11/15 23:00,01/12/14 00:00,,,Education,,,,Office,C,42495.8772,3948.0,College/University,Europe/London,1997,Stella,Office,weather6.csv,,
UnivLab_Brad,31/12/12 23:00,01/01/12 00:00,,,Education,,,,College Laboratory,,124950.0,11608.22985,College/University,America/Los_Angeles,1961,Brad,UnivLab,weather7.csv,,
Office_Louise,30/11/15 23:00,01/12/14 00:00,,Gas,Education,Gas,8.0,,Office,F,20909.95214,1942.6,College/University,Europe/London,1987,Louise,Office,weather5.csv,,
UnivClass_Noreen,31/10/15 23:00,01/11/14 00:00,,,Education,,,3741.0,College Classroom,,149679.0,13905.62814,College/University,America/Chicago,,Noreen,UnivClass,weather9.csv,,
UnivLab_Mack,30/04/15 23:00,01/05/14 00:00,,,Education,,,,College Laboratory,,63915.0,5937.895245,College/University,America/Chicago,,Mack,UnivLab,weather3.csv,,
UnivLab_Mariana,30/04/15 23:00,01/05/14 00:00,,,Education,,,,College Laboratory,,192152.0,17851.49726,College/University,America/Chicago,,Mariana,UnivLab,weather3.csv,,
Office_Guillermo,30/11/15 23:00,01/12/14 00:00,,Gas,Government,Gas,9.0,393.0,Office,F,109824.0717,10203.0,Other Government Buildings,Europe/London,1903-1906,Guillermo,Office,weather5.csv,,
Office_Paulina,31/12/15 23:00,01/01/15 00:00,,,Education,,,,Office,,104355.0,9694.892565,College/University,America/New_York,,Paulina,Office,weather4.csv,,
UnivLab_Cayden,31/12/15 23:00,01/01/15 00:00,,,Education,,,,College Laboratory,,74599.0,6930.470897,College/University,America/New_York,1984,Cayden,UnivLab,weather2.csv,,
Office_Gabriela,30/11/15 23:00,01/12/14 00:00,,Gas,Government,Gas,7.0,264.0,Office,E,36704.899,3410.0,Other Government Buildings,Europe/London,1898-1902,Gabriela,Office,weather5.csv,,
UnivDorm_Pedro,31/12/15 23:00,01/01/15 00:00,,,Education,,,,Dormitory,,105791.0,9828.301273,College/University,America/New_York,,Pedro,UnivDorm,weather4.csv,,
UnivLab_Albert,31/12/15 23:00,01/01/15 00:00,,,Education,,,,College Laboratory,,91273.0,8479.535519,College/University,America/Phoenix,1951,Albert,UnivLab,weather0.csv,,
UnivLab_Alaina,31/12/15 23:00,01/01/15 00:00,,,Education,,,,College Laboratory,,131710.0,12236.25413,College/University,America/Phoenix,1991,Alaina,UnivLab,weather0.csv,,
UnivLab_Ana,31/12/15 23:00,01/01/15 00:00,,,Education,,,,College Laboratory,,89770.0,8339.90231,College/University,America/Phoenix,,Ana,UnivLab,weather0.csv,,
UnivDorm_Constance,31/12/15 23:00,01/01/15 00:00,,,Education,,,,Dormitory,,21168.0,1966.570704,College/University,America/New_York,1928,Constance,UnivDorm,weather2.csv,,
Office_Carolina,31/12/15 23:00,01/01/15 00:00,,,Education,,,,Office,,31053.0,2884.916859,College/University,America/New_York,1915,Carolina,Office,weather2.csv,,
UnivDorm_Cathalina,31/12/15 23:00,01/01/15 00:00,,,Education,,,,Dormitory,,142901.0,13275.9316,College/University,America/New_York,2007,Cathalina,UnivDorm,weather2.csv,,
Office_Noel,31/10/15 23:00,01/11/14 00:00,,,Education,,,3188.0,Office,,136624.0,12692.77947,College/University,America/Chicago,,Noel,Office,weather9.csv,,
UnivClass_Anika,31/12/15 23:00,01/01/15 00:00,,,Education,,,,College Classroom,,126985.0,11797.28746,College/University,America/Phoenix,1979,Anika,UnivClass,weather0.csv,,
UnivLab_Clodagh,31/12/15 23:00,01/01/15 00:00,,,Education,,,,College Laboratory,,28432.0,2641.418096,College/University,America/New_York,1933,Clodagh,UnivLab,weather2.csv,,
UnivLab_Annette,31/12/15 23:00,01/01/15 00:00,,,Education,,,,College Laboratory,,132518.0,12311.31975,College/University,America/Phoenix,1992,Annette,UnivLab,weather0.csv,,
Office_Alannah,31/12/15 23:00,01/01/15 00:00,,,Education,,,,Office,,10135.0,941.571905,College/University,America/Phoenix,,Alannah,Office,weather0.csv,,
Office_Aliyah,31/12/15 23:00,01/01/15 00:00,,,Education,,,,Office,,202435.0,18806.81881,College/University,America/Phoenix,1967,Aliyah,Office,weather0.csv,,
Office_Curt,31/12/15 23:00,01/01/15 00:00,,,Education,,,,Office,,157933.0,14672.4495,College/University,America/New_York,1932,Curt,Office,weather2.csv,,
UnivDorm_Carey,31/12/15 23:00,01/01/15 00:00,,,Education,,,,Dormitory,,40451.0,3758.019253,College/University,America/New_York,1975,Carey,UnivDorm,weather2.csv,,
UnivLab_Angie,31/12/15 23:00,01/01/15 00:00,,,Education,,,,College Laboratory,,9788.0,909.334564,College/University,America/Phoenix,,Angie,UnivLab,weather0.csv,,
UnivClass_Celia,31/12/15 23:00,01/01/15 00:00,,,Education,,,,College Classroom,,105434.0,9795.134902,College/University,America/New_York,2014,Celia,UnivClass,weather2.csv,,
Office_Glenn,30/11/15 23:00,01/12/14 00:00,,Electricity,Government,Electricity,7.0,97.0,Office,F,18503.1441,1719.0,Other Government Buildings,Europe/London,1937,Glenn,Office,weather5.csv,,
UnivLab_Andre,31/12/15 23:00,01/01/15 00:00,,,Education,,,,College Laboratory,,96124.0,8930.207972,College/University,America/Phoenix,1959,Andre,UnivLab,weather0.csv,,
Office_Terrell,31/12/13 23:00,01/01/13 00:00,,,Education,,,,Office,,17765.81695,1650.5,College/University,Europe/Zurich,,Terrell,Office,weather8.csv,,
UnivDorm_Laura,30/11/15 23:00,01/12/14 00:00,,Electric,Education,Electric,7.0,,Dormitory,E,66660.8327,6193.0,College/University,Europe/London,1930,Laura,UnivDorm,weather5.csv,,
UnivLab_Mario,30/04/15 23:00,01/05/14 00:00,,,Education,,,,College Laboratory,,39988.0,3715.005164,College/University,America/Chicago,,Mario,UnivLab,weather3.csv,,
UnivClass_Aidan,31/12/15 23:00,01/01/15 00:00,,,Education,,,,College Classroom,,90900.0,8444.8827,College/University,America/Phoenix,,Aidan,UnivClass,weather0.csv,,
UnivLab_Annabelle,31/12/15 23:00,01/01/15 00:00,,,Education,,,,College Laboratory,,204349.0,18984.63515,College/University,America/Phoenix,1993,Annabelle,UnivLab,weather0.csv,,
Office_Leland,30/11/15 23:00,01/12/14 00:00,,Gas,Education,Gas,8.0,,Office,D,30495.20509,2833.1,College/University,Europe/London,1997,Leland,Office,weather5.csv,,
UnivClass_Brett,31/12/12 23:00,01/01/12 00:00,,,Education,,,,College Classroom,,56886.0,5284.880058,College/University,America/Los_Angeles,1953,Brett,UnivClass,weather7.csv,,
UnivLab_Caesar,31/12/15 23:00,01/01/15 00:00,,,Education,,,,College Laboratory,,204029.0,18954.90619,College/University,America/New_York,2010,Caesar,UnivLab,weather2.csv,,
Office_Mikayla,30/04/15 23:00,01/05/14 00:00,,,Education,,,,Office,,102191.0,9493.850473,College/University,America/Chicago,,Mikayla,Office,weather3.csv,,
UnivClass_Stephanie,30/11/15 23:00,01/12/14 00:00,,,Education,,,,College Classroom,G,64917.0809,6031.0,College/University,Europe/London,2006,Stephanie,UnivClass,weather6.csv,,
UnivLab_Marshall,30/04/15 23:00,01/05/14 00:00,,,Education,,,,College Laboratory,,32256.0,2996.679168,College/University,America/Chicago,,Marshall,UnivLab,weather3.csv,,
Office_Ayden,31/12/15 23:00,01/01/15 00:00,,,Education,,,,Office,,70832.0,6580.505296,College/University,America/Phoenix,2014,Ayden,Office,weather0.csv,,
UnivClass_Cathleen,31/12/15 23:00,01/01/15 00:00,,,Education,,,,College Classroom,,34875.0,3239.992125,College/University,America/New_York,1993,Cathleen,UnivClass,weather2.csv,,
UnivLab_Collin,31/12/15 23:00,01/01/15 00:00,,,Education,,,,College Laboratory,,98125.0,9116.106875,College/University,America/New_York,2011,Collin,UnivLab,weather2.csv,,
UnivDorm_Camila,31/12/15 23:00,01/01/15 00:00,,,Education,,,,Dormitory,,129664.0,12046.17459,College/University,America/New_York,1941,Camila,UnivDorm,weather2.csv,,
UnivClass_Alejandra,31/12/15 23:00,01/01/15 00:00,,,Education,,,,College Classroom,,140092.0,13014.96708,College/University,America/Phoenix,,Alejandra,UnivClass,weather0.csv,,
Office_Colby,31/12/15 23:00,01/01/15 00:00,,,Education,,,,Office,,110380.0,10254.63314,College/University,America/New_York,1985,Colby,Office,weather2.csv,,
Office_Carissa,31/12/15 23:00,01/01/15 00:00,,,Education,,,,Office,,49553.0,4603.622359,College/University,America/New_York,1963,Carissa,Office,weather2.csv,,
UnivLab_Peggy,31/12/15 23:00,01/01/15 00:00,,,Education,,,,College Laboratory,,53651.0,4984.338853,College/University,America/New_York,,Peggy,UnivLab,weather4.csv,,
Office_Paula,31/12/15 23:00,01/01/15 00:00,,,Education,,,,Office,,44332.0,4118.575796,College/University,America/New_York,,Paula,Office,weather4.csv,,
UnivLab_Marie,30/04/15 23:00,01/05/14 00:00,,,Education,,,,College Laboratory,,156483.0,14537.74015,College/University,America/Chicago,,Marie,UnivLab,weather3.csv,,
UnivLab_Suzette,30/11/15 23:00,01/12/14 00:00,,,Education,,,,College Laboratory,E,84066.059,7810.0,College/University,Europe/London,1966,Suzette,UnivLab,weather6.csv,,
UnivLab_Alberto,31/12/15 23:00,01/01/15 00:00,,,Education,,,,College Laboratory,,122592.0,11389.16458,College/University,America/Phoenix,1971,Alberto,UnivLab,weather0.csv,,
UnivLab_Aurora,31/12/15 23:00,01/01/15 00:00,,,Education,,,,College Laboratory,,77469.0,7197.102507,College/University,America/Phoenix,,Aurora,UnivLab,weather0.csv,,
UnivLab_Lyle,30/11/15 23:00,01/12/14 00:00,,Gas,Education,Gas,8.0,,College Laboratory,,138316.115,12850.0,College/University,Europe/London,1960,Lyle,UnivLab,weather5.csv,,
UnivLab_Lauren,30/11/15 23:00,01/12/14 00:00,,Gas,Education,Gas,6.0,,College Laboratory,E,61203.5354,5686.0,College/University,Europe/London,1989,Lauren,UnivLab,weather5.csv,,
UnivLab_Ariel,31/12/15 23:00,01/01/15 00:00,,,Education,,,,College Laboratory,,33739.0,3134.454317,College/University,America/Phoenix,1939,Ariel,UnivLab,weather0.csv,,
Office_Ashanti,31/12/15 23:00,01/01/15 00:00,,,Education,,,,Office,,70837.0,6580.969811,College/University,America/Phoenix,2014,Ashanti,Office,weather0.csv,,
UnivClass_Caoimhe,31/12/15 23:00,01/01/15 00:00,,,Education,,,,College Classroom,,40311.0,3745.012833,College/University,America/New_York,1913,Caoimhe,UnivClass,weather2.csv,,
UnivLab_Cam,31/12/15 23:00,01/01/15 00:00,,,Education,,,,College Laboratory,,33148.0,3079.548644,College/University,America/New_York,1967,Cam,UnivLab,weather2.csv,,
Office_Garman,30/11/15 23:00,01/12/14 00:00,,Gas,Government,Gas,10.0,818.0,Office,E,150640.7805,13995.0,Other Government Buildings,Europe/London,1913-1915,Garman,Office,weather5.csv,,
UnivLab_Phil,31/12/15 23:00,01/01/15 00:00,,,Education,,,,College Laboratory,,241324.0,22419.72357,College/University,America/New_York,,Phil,UnivLab,weather4.csv,,
Office_Cora,31/12/15 23:00,01/01/15 00:00,,,Education,,,,Office,,42755.0,3972.067765,College/University,America/New_York,1866,Cora,Office,weather2.csv,,
UnivLab_Ashlee,31/12/15 23:00,01/01/15 00:00,,,Education,,,,College Laboratory,,71248.0,6619.152944,College/University,America/Phoenix,2004,Ashlee,UnivLab,weather0.csv,,
UnivClass_Nash,31/10/15 23:00,01/11/14 00:00,,,Education,,,3090.0,College Classroom,,123096.0,11435.98769,College/University,America/Chicago,,Nash,UnivClass,weather9.csv,,
UnivLab_Allan,31/12/15 23:00,01/01/15 00:00,,,Education,,,,College Laboratory,,219608.0,20402.24202,College/University,America/Phoenix,1992,Allan,UnivLab,weather0.csv,,
UnivLab_Bert,31/12/12 23:00,01/01/12 00:00,,,Education,,,,College Laboratory,,52839.0,4908.901617,College/University,America/Los_Angeles,1942,Bert,UnivLab,weather7.csv,,
UnivClass_Chandler,31/12/15 23:00,01/01/15 00:00,,,Education,,,,College Classroom,,47934.0,4453.212402,College/University,America/New_York,,Chandler,UnivClass,weather2.csv,,
UnivLab_Callie,31/12/15 23:00,01/01/15 00:00,,,Education,,,,College Laboratory,,279840.0,25997.97552,College/University,America/New_York,2008,Callie,UnivLab,weather2.csv,,
UnivLab_Caitlin,31/12/15 23:00,01/01/15 00:00,,,Education,,,,College Laboratory,,20889.0,1940.650767,College/University,America/New_York,1976,Caitlin,UnivLab,weather2.csv,,
UnivLab_Ashlynn,31/12/15 23:00,01/01/15 00:00,,,Education,,,,College Laboratory,,327256.0,30403.06417,College/University,America/Phoenix,2012,Ashlynn,UnivLab,weather0.csv,,
Office_Mason,30/04/15 23:00,01/05/14 00:00,3.0,,Education,,,,Office,,38382.0,3565.802946,College/University,America/Chicago,,Mason,Office,weather3.csv,,
UnivLab_Alfonso,31/12/15 23:00,01/01/15 00:00,,,Education,,,,College Laboratory,,64560.0,5997.81768,College/University,America/Phoenix,1965,Alfonso,UnivLab,weather0.csv,,
UnivDorm_Alyshialynn,31/12/15 23:00,01/01/15 00:00,,,Education,,,,Dormitory,,74682.0,6938.181846,College/University,America/Phoenix,2006,Alyshialynn,UnivDorm,weather0.csv,,
UnivLab_Amaya,31/12/15 23:00,01/01/15 00:00,,,Education,,,,College Laboratory,,183460.0,17043.98438,College/University,America/Phoenix,2005,Amaya,UnivLab,weather0.csv,,
UnivLab_Carol,31/12/15 23:00,01/01/15 00:00,,,Education,,,,College Laboratory,,131271.0,12195.46971,College/University,America/New_York,2010,Carol,UnivLab,weather2.csv,,
Office_Clinton,31/12/15 23:00,01/01/15 00:00,,,Education,,,,Office,,46981.0,4364.675843,College/University,America/New_York,1962,Clinton,Office,weather2.csv,,
UnivLab_Ashton,31/12/15 23:00,01/01/15 00:00,,,Education,,,,College Laboratory,,179559.0,16681.56978,College/University,America/Phoenix,2006,Ashton,UnivLab,weather0.csv,,
UnivLab_Cory,31/12/15 23:00,01/01/15 00:00,,,Education,,,,College Laboratory,,160673.0,14927.00372,College/University,America/New_York,1968,Cory,UnivLab,weather2.csv,,
UnivLab_Cheyanne,31/12/15 23:00,01/01/15 00:00,,,Education,,,,College Laboratory,,173983.0,16163.54265,College/University,America/New_York,1986,Cheyanne,UnivLab,weather2.csv,,
Office_Paulette,31/12/15 23:00,01/01/15 00:00,,,Education,,,,Office,,23458.0,2179.318574,College/University,America/New_York,,Paulette,Office,weather4.csv,,
UnivLab_Amy,31/12/15 23:00,01/01/15 00:00,,,Education,,,,College Laboratory,,24643.0,2289.408629,College/University,America/Phoenix,1982,Amy,UnivLab,weather0.csv,,
Office_Dawn,31/12/10 23:00,01/01/10 00:00,,,Education,,,,Office,,83321.0,7740.770863,College/University,America/Los_Angeles,1960,Dawn,Office,weather13.csv,,
Office_Perla,31/12/15 23:00,01/01/15 00:00,,,Education,,,,Office,,54597.0,5072.225091,College/University,America/New_York,,Perla,Office,weather4.csv,,
Office_Precious,31/12/15 23:00,01/01/15 00:00,,,Education,,,,Office,,70042.0,6507.111926,College/University,America/New_York,,Precious,Office,weather4.csv,,
Office_Patricia,31/12/15 23:00,01/01/15 00:00,,,Education,,,,Office,,49990.0,4644.22097,College/University,America/New_York,,Patricia,Office,weather4.csv,,
UnivLab_Carlton,31/12/15 23:00,01/01/15 00:00,,,Education,,,,College Laboratory,,322341.0,29946.44592,College/University,America/New_York,1995,Carlton,UnivLab,weather2.csv,,
UnivLab_Camryn,31/12/15 23:00,01/01/15 00:00,,,Education,,,,College Laboratory,,111518.0,10360.35675,College/University,America/New_York,1968,Camryn,UnivLab,weather2.csv,,
UnivLab_Margret,30/04/15 23:00,01/05/14 00:00,,,Education,,,,College Laboratory,,37107.0,3447.351621,College/University,America/Chicago,,Margret,UnivLab,weather3.csv,,
UnivLab_Cecil,31/12/15 23:00,01/01/15 00:00,,,Education,,,,College Laboratory,,125507.0,11659.97682,College/University,America/New_York,1974,Cecil,UnivLab,weather2.csv,,
Office_Pasquale,31/12/15 23:00,01/01/15 00:00,,,Education,,,,Office,,17879.0,1661.012737,College/University,America/New_York,,Pasquale,Office,weather4.csv,,
UnivLab_Levi,30/11/15 23:00,01/12/14 00:00,,Gas,Education,Gas,6.0,,College Laboratory,F,83043.4885,7715.0,College/University,Europe/London,1991,Levi,UnivLab,weather5.csv,,
UnivLab_Patsy,31/12/15 23:00,01/01/15 00:00,,,Education,,,,College Laboratory,,129344.0,12016.44563,College/University,America/New_York,,Patsy,UnivLab,weather4.csv,,
Office_Bryon,31/12/12 23:00,01/01/12 00:00,,,Education,,,,Office,,97618.0,9069.005054,College/University,America/Los_Angeles,1964,Bryon,Office,weather7.csv,,
UnivClass_Abby,31/12/15 23:00,01/01/15 00:00,,,Education,,,,College Classroom,,9309.0,864.834027,College/University,America/Phoenix,1970,Abby,UnivClass,weather0.csv,,
UnivLab_Brenna,31/12/12 23:00,01/01/12 00:00,,,Education,,,,College Laboratory,,87216.0,8102.628048,College/University,America/Los_Angeles,1964,Brenna,UnivLab,weather7.csv,,
UnivLab_Audra,31/12/15 23:00,01/01/15 00:00,,,Education,,,,College Laboratory,,4583.0,425.774449,College/University,America/Phoenix,,Audra,UnivLab,weather0.csv,,
UnivLab_Lester,30/11/15 23:00,01/12/14 00:00,,Heat network and steam,Education,Heat Network And Steam,9.0,,College Laboratory,B,150317.8635,13965.0,College/University,Europe/London,1906,Lester,UnivLab,weather5.csv,,
UnivClass_Caitlyn,31/12/15 23:00,01/01/15 00:00,,,Education,,,,College Classroom,,33695.0,3130.366585,College/University,America/New_York,1948,Caitlyn,UnivClass,weather2.csv,,
UnivLab_Cristian,31/12/15 23:00,01/01/15 00:00,,,Education,,,,College Laboratory,,214505.0,19928.15802,College/University,America/New_York,1990,Cristian,UnivLab,weather2.csv,,
UnivLab_Carley,31/12/15 23:00,01/01/15 00:00,,,Education,,,,College Laboratory,,56497.0,5248.740791,College/University,America/New_York,1957,Carley,UnivLab,weather2.csv,,
UnivLab_Alina,31/12/15 23:00,01/01/15 00:00,,,Education,,,,College Laboratory,,49662.0,4613.748786,College/University,America/Phoenix,1964,Alina,UnivLab,weather0.csv,,
UnivLab_Allison,31/12/15 23:00,01/01/15 00:00,,,Education,,,,College Laboratory,,4689.0,435.622167,College/University,America/Phoenix,2005,Allison,UnivLab,weather0.csv,,
UnivLab_Peyton,31/12/15 23:00,01/01/15 00:00,,,Education,,,,College Laboratory,,250000.0,23225.75,College/University,America/New_York,,Peyton,UnivLab,weather4.csv,,
Office_Marcia,30/04/15 23:00,01/05/14 00:00,,,Education,,,,Office,,62837.0,5837.745811,College/University,America/Chicago,,Marcia,Office,weather3.csv,,
UnivLab_Aine,31/12/15 23:00,01/01/15 00:00,,,Education,,,,College Laboratory,,48411.0,4497.527133,College/University,America/Phoenix,,Aine,UnivLab,weather0.csv,,
UnivLab_Santiago,30/11/15 23:00,01/12/14 00:00,,,Education,,,,College Laboratory,G,107585.1805,9995.0,College/University,Europe/London,2010,Santiago,UnivLab,weather6.csv,,
UnivLab_Anita,31/12/15 23:00,01/01/15 00:00,,,Education,,,,College Laboratory,,151637.0,14087.53221,College/University,America/Phoenix,1983,Anita,UnivLab,weather0.csv,,
UnivLab_Parker,31/12/15 23:00,01/01/15 00:00,,,Education,,,,College Laboratory,,46813.0,4349.068139,College/University,America/New_York,,Parker,UnivLab,weather4.csv,,
UnivLab_Lee,30/11/15 23:00,01/12/14 00:00,,Oil,Education,Oil,5.0,,College Laboratory,,37264.6218,3462.0,College/University,Europe/London,1800,Lee,UnivLab,weather33.csv,,
Office_Dorian,31/12/10 23:00,01/01/10 00:00,,,Education,,,,Office,,111077.0,10319.38653,College/University,America/Los_Angeles,1994,Dorian,Office,weather13.csv,,
Office_Shelly,30/11/15 23:00,01/12/14 00:00,,,Education,,,,Office,C,15812.1691,1469.0,College/University,Europe/London,,Shelly,Office,weather6.csv,,
UnivLab_Alisa,31/12/15 23:00,01/01/15 00:00,,,Education,,,,College Laboratory,,193294.0,17957.59248,College/University,America/Phoenix,2006,Alisa,UnivLab,weather0.csv,,
UnivLab_Louie,30/11/15 23:00,01/12/14 00:00,,Gas,Education,Gas,5.0,,College Laboratory,G,21538.5639,2001.0,College/University,Europe/London,2004,Louie,UnivLab,weather5.csv,,
UnivLab_Priscilla,31/12/15 23:00,01/01/15 00:00,,,Education,,,,College Laboratory,,35990.0,3343.57897,College/University,America/New_York,,Priscilla,UnivLab,weather4.csv,,
UnivLab_Patrick,31/12/15 23:00,01/01/15 00:00,,,Education,,,,College Laboratory,,75929.0,7054.031887,College/University,America/New_York,,Patrick,UnivLab,weather4.csv,,
UnivDorm_Adriana,31/12/15 23:00,01/01/15 00:00,,,Education,,,,Dormitory,,63348.0,5885.219244,College/University,America/Phoenix,2007,Adriana,UnivDorm,weather0.csv,,
UnivLab_Carole,31/12/15 23:00,01/01/15 00:00,,,Education,,,,College Laboratory,,149762.0,13913.33909,College/University,America/New_York,2004,Carole,UnivLab,weather2.csv,,
UnivLab_Paris,31/12/15 23:00,01/01/15 00:00,,,Education,,,,College Laboratory,,120836.0,11226.02691,College/University,America/New_York,,Paris,UnivLab,weather4.csv,,
Office_Pauline,31/12/15 23:00,01/01/15 00:00,,,Education,,,,Office,,41337.0,3840.331311,College/University,America/New_York,,Pauline,Office,weather4.csv,,
UnivLab_Dianna,31/12/10 23:00,01/01/10 00:00,,,Education,,,,College Laboratory,,153700.0,14279.1911,College/University,America/Los_Angeles,1990,Dianna,UnivLab,weather13.csv,,
UnivDorm_Cecilia,31/12/15 23:00,01/01/15 00:00,,,Education,,,,Dormitory,,29775.0,2766.186825,College/University,America/New_York,2001,Cecilia,UnivDorm,weather2.csv,,
Office_Luann,30/11/15 23:00,01/12/14 00:00,,Gas,Education,Gas,8.0,,Office,E,65656.56083,6099.7,College/University,Europe/London,1955,Luann,Office,weather5.csv,,
Office_Milton,30/04/15 23:00,01/05/14 00:00,,,Education,,,,Office,,105167.0,9770.329801,College/University,America/Chicago,,Milton,Office,weather3.csv,,
Office_Lane,30/11/15 23:00,01/12/14 00:00,,Heat network,Education,Heat Network,8.0,,Office,,34455.2439,3201.0,College/University,Europe/London,1907,Lane,Office,weather5.csv,,
Office_Cameron,31/12/15 23:00,01/01/15 00:00,,,Education,,,,Office,,53303.0,4952.008609,College/University,America/New_York,1981,Cameron,Office,weather2.csv,,
UnivDorm_Leann,30/11/15 23:00,01/12/14 00:00,1.0,Electric,Education,Electric,1.0,1.0,Dormitory,B,49589.2873,1.0,College/University,America/Chicago,1862-1875,Leann,Office,weather5.csv,,
GBRA27,,,,,Single Family,,,,,,,17738.2561,,America/Texas,Post 2000,,,,1056.0,
GBRA28,,,,,Single Family,,,,,,,14454.8769,,America/Texas,Post 2000,,,,846.0,
GBRA29,,,,,Single Family,,,,,,,20105.8901,,America/Texas,Post 2000,,,,6566.0,608.3
GBRA30,,,,,Single Family,,,,,,,16165.5006,,,,,,,816.0,
GBRA31,,,,,Single Family,,,,,,,16394.3208,,America/Texas,Post 2000,,,,928.0,
GBRA32,,,,,Single Family,,,,,,,18405.7645,,America/Texas,Post 2000,,,,944.0,
GBRA33,,,,,Single Family,,,,,,,10648.2677,,America/Texas,Post 2000,,,,211.0,
GBRA34,,,,,Single Family,,,,,,,156039.4853,,America/Texas,Post 2000,,,,121.0,
GBRA35,,,,,Single Family,,,,,,,9184.859,,America/Texas,Post 2000,,,,200.0,
GBRA36,,,,,Single Family,,,,,,,1221.2091,,America/Texas,Post 2000,,,,1082.0,
GBRA37,,,,,Single Family,,,,,,,11602.1032,,America/Texas,Post 2000,,,,1067.0,
GBRA38,,,,,Single Family,,,,,,,17910.4055,,America/Texas,Post 2000,,,,1529.0,
GBRA39,,,,,Single Family,,,,,,,17370.824,,America/Texas,Post 2000,,,,1470.0,
GDB3,,,,,Single Family,,,,,,,57612.6125,,America/Texas,Post 2000,,,,1470.0,
GDB4,,,,,Commercial Property,,,,,,,43129.3073,,America/Texas,Post 2000,,,,13377.0,2892.0
GDB5,,,,,Multifamily,,,,,,,50208.1473,,America/Texas,Post 2000,,,,,
GDB11,,,,,Multifamily,,,,,,,30707.985,,America/Texas,Post 2000,,,,641.0,
GDB12,,,,,Single Family,,,,,,,21922.0,,America/Texas,Post 2000,,,,1082.0,
GDB13,,,,,Commercial,,,,,,,15315.252,,America/Texas,Post 2000,,,,7503.0,136.0
GDB14,,,,,Multifamily,,,,,,,57730.042,,America/Texas,Post 2000,,,,208.0,
GDB15,,,,,Single Family,,,,,,,37903.6042,,America/Texas,Post 2000,,,,200.0,
GDB16,,,,,Commercial,,,,,,,37903.6042,,America/Texas,Post 2000,,,,1747.0,244.0
GDB17,,,,,Multifamily,,,,,,,14407.4963,,America/Texas,Post 2000,,,,1813.0,
GDB18,,,,,Single Family,,,,,,,19223.2183,,America/Texas,Post 2000,,,,121.0,
GDB19,,,,,Commercial,,,,,,,17441.0,,America/Texas,Post 2000,,,,10428.0,1859.0
GDB20,,,,,Multifamily,,,,,,,14771.6763,,America/Texas,Post 2000,,,,3751.0,
GDB2,,,,,Multifamily,,,,,,,21633.6806,,America/Texas,Post 2000,,,,,
GDB7,,,,,Commercial,,,,,,,16682.9705,,America/Texas,Post 2000,,,,11934.0,1751.0
GDB8,,,,,Multifamily,,,,,,,29168.0,,America/Texas,Post 2000,,,,1812.0,
GDB9,,,,,Single Family,,,,,,,15359.0,,America/Texas,Post 2000,,,,1067.0,
GDB2,,,,,Commercial,,,,,,,72013.7,,America/Texas,Post 2000,,,,3716.0,1512.0
GDB21,,,,,Single Family,,,,,,,37903.6042,,America/Texas,Post 2000,,,,211.0,
GDB22,,,,,Commercial,,,,,,,37903.6042,,America/Texas,Post 2000,,,,9419.0,756.0
GDB23,,,,,Multifamily,,,,,,,14407.4963,,America/Texas,Post 2000,,,,4788.0,
GDB24,,,,,Single Family,,,,,,,19223.2183,,America/Texas,Post 2000,,,,944.0,
GDB25,,,,,Commercial,,,,,,,17441.0,,America/Texas,Post 2000,,,,11783.0,1194.0
GDB26,,,,,Multifamily,,,,,,,14771.6763,,America/Texas,Post 2000,,,,6135.0,
GDB27,,,,,Single Family,,,,,,,21633.6806,,America/Texas,Post 2000,,,,928.0,
GDB28,,,,,Commercial,,,,,,,16682.9705,,America/Texas,Post 2000,,,,9396.0,2052.0
GDB29,,,,,Multifamily,,,,,,,29168.0,,America/Texas,Post 2000,,,,4073.0,133.0
GDB30,,,,,Single Family,,,,,,,15359.0,,America/Texas,Post 2000,,,,799.0,
GDB31,,,,,Commercial,,,,,,,37903.6042,,America/Texas,Post 2000,,,,11388.0,532.0
GDB32,,,,,Multifamily,,,,,,,37903.6042,,America/Texas,Post 2000,,,,2731.0,265.0
GDB33,,,,,Single Family,,,,,,,14407.4963,,America/Texas,Post 2000,,,,816.0,
GDB34,,,,,Commercial,,,,,,,19223.2183,,America/Texas,Post 2000,,,,10762.0,3130.0
GDB35,,,,,Multifamily,,,,,,,17441.0,,America/Texas,Post 2000,,,,5078.0,240.0
GDB36,,,,,Multifamily,,,,,,,14771.6763,,America/Texas,Post 2000,,,,846.0,
GDB37,,,,,Commercial,,,,,,,21633.6806,,America/Texas,Post 2000,,,,6566.0,2148.0
GDB38,,,,,Multifamily,,,,,,,16682.9705,,America/Texas,Post 2000,,,,1322.0,233.0
GDB39,,,,,Single Family,,,,,,,29168.0,,America/Texas,Post 2000,,,,1056.0,
GDB40,,,,,Commercial,,,,,,,15359.0,,America/Texas,Post 2000,,,,13315.0,1673.0
GDB41,,,,,Multifamily,,,,,,,37903.6042,,America/Texas,Post 2000,,,,3887.0,1024.0
GDB42,,,,,Single Family,,,,,,,37903.6042,,America/Texas,Post 2000,,,,812.0,
GDB43,,,,,Commercial,,,,,,,14407.4963,,America/Texas,Post 2000,,,,9927.0,249.0
GDB44,,,,,Multifamily,,,,,,,19223.2183,,America/Texas,Post 2000,,,,3151.0,292.0
GDB45,,,,,Single Family,,,,,,,17441.0,,America/Texas,Post 2000,,,,439.0,
GDB46,,,,,Commercial,,,,,,,14771.6763,,America/Texas,Post 2000,,,,14396.0,638.0
GDB47,,,,,Multifamily,,,,,,,21633.6806,,America/Texas,Post 2000,,,,2863.0,563.0
GDB48,,,,,Single Family,,,,,,,16682.9705,,America/Texas,Post 2000,,,,499.0,
prueba,,,25.0,District heating,Education,,3.0,3.0,,D,,3456.0,Corporate Office,Europe/London,1919-1945,,PrimClass,,1022.0,200.0
2023-07-03 06:55:33,,,,,,,,,,,,,,,,,,,,
